capability,entry_point,local_path,remote_path,param_parity,timing_parity,status,notes
cd to directory (file browser ctx),view.rs cd_to_directory,fill `cd <path>` into input,cd_to_environment_directory (execute directly),yes,yes,verified,#1 routed remote to environment cd
open directory in new tab (file browser),view.rs open_directory_in_new_tab,open_terminal_bootstrap_directory_tab,open_environment_runtime_terminal_entry via try_route,yes,yes,verified,#2 guard removed; open_directory_tab_in_current_environment routes by capability
open environment file,view.rs open_environment_file_with_target,open_code with preview+additional_paths,open_code with preview+additional_paths,yes,yes,verified,#3 added preview+additional_paths params
open project + code review pane (welcome),welcome_view.rs open_project_conversation -> open_agent_directory_tab_in_current_environment,Local: open_terminal_bootstrap_directory_tab + AgentTabEntry(open_code_review_pane=true) + apply_agent_tab_entry_immediately,Runtime: AgentTabEntry(open_code_review_pane=true) queued; apply_pending_environment_runtime_entry_to_terminal after bootstrap,yes,deferred,verified,"#4+#21 converged: both paths use the same AgentTabEntry + shared apply (local immediate, runtime deferred). welcome_view caller-side code-review toggle removed."
new terminal tab in AI mode,view.rs add_terminal_tab_in_ai_mode (4988),deliver_agent_tab -> Local: add_session_tab + apply_immediately(entry with zero_state),deliver_agent_tab -> Runtime: queue agent entry (SessionNavigator) carrying zero_state,yes,deferred,verified,B+ deliver pattern; zero_state now carried in AgentTabEntry (was dropped on remote — gap closed)
new terminal tab + new agent view,view.rs add_terminal_tab_with_new_agent_view (5071),deliver_agent_tab -> Local: apply_immediately(entry with restore_left_panel_open),deliver_agent_tab -> Runtime: queue agent entry carrying restore_left_panel_open; left_panel set deferred,yes,deferred,verified,B+ deliver pattern; left panel state carried in AgentTabEntry (was set in remote closure only)
new tab with specific agent,view.rs add_tab_with_specific_agent (5121),deliver_startup_command -> Local: add_terminal_tab + execute_command,deliver_startup_command -> Runtime: queue startup_command entry,yes,deferred,verified,B+ deliver pattern
open directory tab (general),view.rs open_directory_tab_in_current_environment (6658),open_terminal_bootstrap_directory_tab,open_environment_runtime_terminal_entry,yes,deferred,healthy,routes by capability
open tab config template,view.rs try_open_environment_runtime_tab_config_template (11236),current-app template pane materialization,queue template entry / open_ready_environment_runtime_template_tree,yes,deferred,healthy,returns try_route bool as tail expr (not fall-through)
fork conversation (new-tab),view.rs fork_ai_conversation (16547),"deliver_fork -> Local: add_session_tab(empty, Ignore) + restore_forked_conversation_in_terminal",deliver_fork -> Runtime: queue ForkEntry + restore_forked_conversation_in_terminal after materialize,yes,deferred,verified,"B+ collapsed two restore mechanisms into ONE shared primitive (restore_forked_conversation_in_terminal, mechanism 2). Both impls now share restore+agent-view+hint+redetermine+copy_model+prompts. Only fork point = spawn timing (same as deliver_agent_tab). ALSO fixes latent asymmetry: remote fork previously did NOT enter agent view (fork branch preempted set_enter_agent_view_after_environment_bootstrap); now enters iff default==Agent, matching local. Local dropped reliance on DefaultSessionModeBehavior::Apply in favor of the primitive. 29 fork tests pass."
fork conversation (split-pane),view.rs fork_ai_conversation -> deliver_fork_split_pane,deliver_fork_split_pane_in_real_pane: add_terminal_pane_in_current_environment + restore_forked_conversation_in_terminal (shared primitive),connecting: stage loading pane + queue ForkEntry (tagged w/ loading pane id); connect callback replaces that pane + replays primitive,yes,deferred,verified,"#15 split-pane fork now shares delivery + restore primitive with new-tab fork. On a connecting runtime it stages a loading pane + queues (was: silent abort). On connected/local it restores via restore_forked_conversation_in_terminal (so it ALSO enters agent view iff default==Agent, matching new-tab fork — was: split-pane fork did not enter agent view). Added deliver_fork_split_pane + deliver_fork_split_pane_in_real_pane; all queued runtime intents carry a required materialization PaneId; materialize_environment_runtime_terminal rejects missing/stale/cross-authority targets and never reads ambient focus. Test: test_deliver_fork_split_pane_on_connecting_runtime_stages_loading_pane_and_queues."
codex modal agent,view.rs (21884),deliver_agent_tab -> Local: apply_immediately(entry with codex_model_id + CodexModal origin),deliver_agent_tab -> Runtime: queue agent entry (CodexModal) carrying codex_model_id; modal closed by caller,yes,deferred,verified,B+ deliver pattern; codex_model_id applied via shared apply (was inline on both paths)
linear issue work,view.rs open_linear_issue_work (22048),add tab + enter_agent_view + set fallback title 'Linear Issue',queue agent entry (LinearDeepLink) with initial_prompt + fallback_display_title Some('Linear Issue'); title set deferred after materialize,yes,deferred,verified,#11 fallback_display_title deferred hook via DeferredEnvironmentAgentViewEntry + terminal/view.rs:10870 consumer
open terminal (default mode Terminal),view.rs (26771),match effective_mode (TabConfig/Terminal) + add_terminal_tab,open_environment_runtime_terminal_entry,yes,deferred,healthy,routes by capability
open terminal (hide_homepage),view.rs (26817),add_current_environment_session_tab,open_environment_runtime_terminal_entry,yes,deferred,healthy,routes by capability
file browser: delete entry,server_file_browser.rs DeleteEntry,FileBrowserBackend::Terminal -> delete_terminal_path,FileBrowserBackend::Environment -> delete_environment_path,yes,yes,verified,删除只按 entry kind 判断目录；symlink-to-dir 仍按链接删除且禁止递归目标。测试 symlink_to_directory_is_navigable_but_not_recursive_delete_target + deleting_symlink_to_directory_does_not_delete_target.
file browser: rename entry,server_file_browser.rs RenameEntry,FileBrowserBackend::Terminal -> rename_terminal_path,FileBrowserBackend::Environment -> rename_environment_path,yes,yes,verified,两端都保留请求路径身份；rename 作用于链接自身而不是 canonical target.
file browser: new file/folder,server_file_browser.rs CreateFile/CreateFolder -> plan_new_entry,FileBrowserBackend::Terminal performs IO at the lexical planned path,FileBrowserBackend::Environment performs IO at the same lexical planned path,yes,yes,verified,本地/远程共用 plan_new_entry 唯一生成 name/path/kind；父目录 symlink 可由 OS 跟随执行 IO，但 create 返回值、reload、pending rename 和 selection 始终使用请求路径命名空间。测试 terminal_create_inside_symlink_directory_keeps_link_namespace.
file browser: upload/download,server_file_browser.rs Upload/Download + sftp_manager,Terminal root 不支持 transfer；本地 upload source 按 lstat 分类,SFTP/Environment byte-transfer 在 UI/backend/helper 三层拒绝 symlink,yes,yes,verified,LR-039：协议没有 ReadLink/CreateSymlink 时禁止复制 target bytes；上传目标 symlink 也必须失败，不能跟随覆盖 target。symlink-to-dir 只保留导航 capability.
file browser: symlink identity and target semantics,remote_server.proto + environment_runtime.rs + server_file_browser.rs + sftp_manager,local lstat keeps link path and classifies target,daemon RPC returns path separately from resolved_path and SFTP keeps entry type plus target type,yes,yes,verified,禁止用 canonical target 作为 UI tree key；symlink-to-dir 可展开；symlink-to-file 可打开；dangling link 可展示/重命名/删除。测试 symlink_directory_listing_preserves_link_path_identity + terminal_symlink_directory_listing_keeps_link_namespace + symlink_metadata_preserves_entry_and_target_types.
project explorer: expanded symlink snapshot replacement,code/file_tree/view.rs replace_root_entry + directory load tracker,FileTreeEntryUpdated(Local) reconciles expansion and performs one synchronous load attempt per root/path snapshot,FileTreeEntryUpdated(Remote) uses the same gateway and keeps one in-flight environment directory request per root/path,yes,deferred,verified,expanded_folders 是用户意图而不是旧 snapshot 的附属状态。任何 existing RootDirectory entry 替换必须走 replace_root_entry；directory symlink retarget 后保持展开并自动加载新目标，dir->file/missing 时清理无效展开状态；load 失败或未物化时禁止递归/重复请求。测试 replacing_tree_snapshot_reloads_expanded_directory_symlink + existing_root_entries_have_single_snapshot_replacement_gateway + directory_load_tracker_is_single_flight_until_completion.
project explorer: remote lexical symlink lazy load completion,remote_server/server_model.rs + remote_server/manager.rs + repo_metadata + code/file_tree/view.rs,local lazy load keeps lexical path and commits exact directory loaded synchronously,remote request keeps StandardizedPath lexical identity and reports exact host/repo/dir completion through RepoMetadataModel before UI reconciliation,yes,deferred,verified,禁止 helper canonicalize 用户选择的末级 symlink；禁止成功 snapshot 用 finish_root 释放 sibling owner；网络失败和空目录响应都必须产生精确 DirectoryLoadFinished。测试 repo_metadata_directory_load_keeps_external_symlink_lexical_identity + explicit_empty_directory_load_marks_directory_and_symlink_loaded + directory_load_tracker_releases_only_materialized_path.
code review: new/untracked symlink blob diff,code_review/diff_state.rs get_file_diff + num_lines_in_file_if_non_binary,symlink_metadata/read_link preserves link identity and emits mode 120000 diff,same local repository model; remote project materialization feeds the same Code Review path,yes,yes,verified,#23 禁止 git diff --no-index 或 GlobalBufferModel 解引用 symlink target；FileDiff.is_symlink 强制 detached/selectable buffer，directory/file/broken symlink 均只显示 link target 且统计 +1。测试 test_untracked_symlink_diff_uses_link_target_without_dereferencing.
project explorer/search: lexical repo identity and cache invalidation,search/files/model.rs repo_search_result + RepoMetadataEvent subscription,RepositoryIdentifier::Local(StandardizedPath) is the sole cache/projection root; FileTreeEntryUpdated and DirectoryLoadFinished invalidate completed mutations,remote directory search already consumes backend lexical listing.path and does not canonicalize the final symlink,yes,deferred,verified,#24 禁止 repo tree 保留 lexical symlink path 后在 search projection 再 canonicalize root；禁止只在 FileTreeUpdated 开始事件清缓存。测试 repo_search_result_preserves_lexical_symlink_root + completed_tree_mutations_invalidate_cached_repo_contents.
session pending pane lifecycle,workspace/view.rs AppStateChanged ownership reconciliation,local delivery has no pending runtime owner,remote queued/materializing intent must be owned by a non-closed pane under the same authority,yes,deferred,verified,真实 PaneGroup close 可能绕过 Workspace close helper；保存 pane state 前统一按 authority + pane ownership 清理 orphan。测试 test_environment_runtime_pane_close_reconciles_only_orphaned_pending_request + test_environment_runtime_materializing_terminal_close_reconciles_pending_request.
file browser: cd to terminal (ctx menu),server_file_browser.rs CdToTerminal,N/A,cd_into_environment_directory_for_host (stale-guarded),yes,n/a,healthy,terminal/view.rs:15460 stale guard prevents async focus drift
file browser: copy path/name,server_file_browser.rs CopyPath/CopyName,N/A,clipboard from remote path,yes,n/a,healthy,remote-only UI
session restore,view.rs restore_environment_runtime_session,allocate a new session container then deliver synchronously,allocate a dedicated placeholder container then bind intent to its required PaneId and materialize asynchronously,yes,deferred,verified,#8+#22 local/remote share allocate-then-deliver ownership. Remote materialization rejects missing/stale/cross-authority targets; ambient focus and left-panel projection cannot choose a target or reconnect transport. Tests: test_environment_runtime_restored_first_class_cli_agents_queue_remote_startup_commands + test_environment_runtime_materialization_rejects_pane_from_other_authority.
session navigator alias/pin,session_navigator.rs,local ~/.ashide/session_state.json,remote ~/.ashide/session_state.json via RPC (environment-owned),yes,n/a,verified,#10 environment-owned store; delete mutates provider source first
tab activation / keepalive,view.rs activate_tab,terminal-bootstrap tabs materialized synchronously,prepare_active_environment_after_visible_tab_activation + queued intent + transport ensure,yes,deferred,verified,#9 added focus/close regression tests
terminal capability env (TERM/TERM_PROGRAM/COLORTERM/WARP_CLIENT_VERSION),capability_environment.rs,"terminal_capability_environment_variables (local_tty/unix.rs:264,744)","terminal_capability_environment_variables (environment_runtime.rs:1787,2831)",yes,yes,closed,#5 single shared builder; test guards parity
session environment display label,environment_runtime.rs session_environment_display_label,returns None (cwd is identity),returns host name,yes,n/a,closed,#4 terminal-native: local uses cwd as identity; environment label only fallback when no root
environment error lifecycle,view.rs handle_environment_runtime_failed,no error state (synchronous spawn errors),full error state + handle_environment_runtime_failed,n/a,n/a,closed,#6 local has no async connect/install lifecycle
authority parsing (ssh: / ssh:ssh-config: / ssh-config:),environment_authority.rs ParsedEnvironmentAuthority,TerminalBootstrap derives local capability and canonical navigation key,SavedSsh/Runtime derive connection ref display label and stable runtime identity,n/a,n/a,verified,#12 superseded by LR-037 / #35；all consumers use one typed parse result；static CHECK and focused tests passed，cargo/GUI pending.
dormant_environment_from_server dead code,source_saved_ssh.rs (removed),n/a,n/a,yes,n/a,verified,"#13 Removed dormant_environment_from_server; test now calls runtime_transport_snapshot(..., Dormant) directly."
i18n Fluent key ownership,i18n/*/warp.ftl + scripts/check_i18n_orphans.sh,n/a,n/a,n/a,n/a,verified,"#14 + 2026-07-20: removed 39 exact-token zero-owner keys (114 locale lines); fail-closed inventory now proves all 2704 English keys are owned by literal macros or one of four explicit dynamic registries, rejects unknown non-literal t_or call sites, and runs inside parity gate."
split-pane agent mode (NewPaneInAIMode / add_terminal_pane_in_ai_mode / FixInAgentMode / FixSettingsWithOz / /feedback),view.rs add_agent_pane_in_current_environment -> deliver_agent_pane_split,connected/local: add_terminal_pane_in_current_environment + apply_agent_tab_entry_immediately (shared apply); connecting: stage loading pane + queue AgentTabEntry (tagged w/ loading pane id),connected: real pane + shared apply IMMEDIATELY; connecting: loading pane + queue -> connect callback replaces that pane + set_enter_agent_view_after_environment_bootstrap_with_entry,yes,yes,verified,#16 split-pane agent now shares delivery + apply with new-tab agent. Connected/local converges on apply_agent_tab_entry_immediately (was: divergent start_agent_mode_in_new_pane). Connecting stages a loading pane + queues (was: silent abort). FixInAgentMode/FixSettingsWithOz auto-send sites still see None on connecting and skip the send (prior behavior preserved; auto-send-after-delay deferred as a product decision). Added deliver_agent_pane_split + deliver_agent_pane_split_in_real_pane. Test: test_deliver_agent_pane_split_on_connecting_runtime_stages_loading_pane_and_queues.
editor-fallback open_file_with_target (unknown $EDITOR),view.rs open_file_with_target -> deliver_startup_command_split_pane,connected/local: add_terminal_pane_in_current_environment + execute_command_or_set_pending (shared apply); connecting: stage loading pane + queue StartupCommand (tagged w/ loading pane id),connected: real pane + shared apply IMMEDIATELY; connecting: loading pane + queue -> connect callback replaces that pane + execute_command_or_set_pending,yes,yes,verified,#17 editor-fallback now routes through the unified split-pane startup-command delivery. Connected/local converges on execute_command_or_set_pending (same apply as the queued replay; was: set_pending_command directly). Connecting stages a loading pane + queues (was: silent abort). Added deliver_startup_command_split_pane + deliver_startup_command_split_pane_in_real_pane + EnvironmentRuntimeSplitPaneIntent::StartupCommand. Test: test_deliver_startup_command_split_pane_on_connecting_runtime_stages_loading_pane_and_queues.
AddDefaultTab (default mode TabConfig / DockerSandbox),view.rs (26557),match effective_mode: TabConfig->open_tab_config; DockerSandbox->add_docker_sandbox_tab; Terminal/Agent->add_terminal_tab,consult effective_mode BEFORE runtime try-route: TabConfig->open_tab_config (routes to runtime template via try_open_environment_runtime_tab_config_template); DockerSandbox->runtime terminal fallback (sandbox is local-only); Terminal/Agent->runtime terminal,n/a,n/a,verified,"#18 AddDefaultTab now consults default session mode before the runtime try-route, so TabConfig is honored on runtime envs (open_tab_config itself routes to the runtime tab-config template when the config has runtime entries). Previously the runtime try-route preempted the match and always opened a plain terminal, silently ignoring TabConfig. DockerSandbox on runtime now falls back to a plain runtime terminal (sandbox is local-only by nature) instead of no-op'ing. Added add_default_plain_terminal_tab_route_aware helper + regression test test_add_default_tab_on_runtime_with_tab_config_mode_but_no_config_falls_through_to_runtime_terminal."
restore existing conversation from history (NewTab / SplitPane),view.rs restore_conversation_in_* -> deliver_restored_conversation,Local: add_new_session_tab_in_environment + restore_forked_conversation_in_terminal (ForkEntry bag),Runtime: open_environment_runtime_forked_conversation_entry / deliver_fork_split_pane (reuses fork queue+replay),yes,yes,verified,#19 Environment is first-class: restore routes to conversation's environment_authority_key when current env matches. Removed loading-pane local-only path. Reuses ForkEntry + restore_forked_conversation_in_terminal. Cross-env activate (wrong tab) → error toast; no env hop. Sidebar list stays env-filtered.
open_plugin_instructions_pane,view.rs (21829),add_terminal_pane_in_current_environment + insert PluginInstructionsBlock rich content IMMEDIATELY,n/a (no new-tab counterpart; plugin install is pane-scoped),n/a,n/a,wontfix,"#20 intentionally NOT queued with the #15/#16/#17 family. The PluginInstructionsBlock is UI-only rich content (no command runs at insert time; the install command runs later via the block), and it captures source-pane-derived state (custom_command_prefix, uses_environment_runtime_session) at request time that may not be valid after a delayed connect. Queueing would require a new multi-field intent + block reconstruction for low value and with state-stability risk. Current abort-on-connecting (log::warn) is acceptable for this plugin-instructions affordance. Deliberate, documented scope boundary — not a forgotten gap."
open_agent_directory_tab (welcome_view open_project_conversation),environment_backend.rs trait; TerminalBootstrapEnvironmentBackend vs RuntimeEnvironmentBackend impls,Local: open_terminal_bootstrap_directory_tab + AgentTabEntry + apply_agent_tab_entry_immediately; return true,Runtime: AgentTabEntry + open_environment_runtime_agent_entry; return false (entry applied after bootstrap),yes,deferred (by design),verified,#21 local and runtime share AgentTabEntry shape + shared apply primitives. Test: test_project_agent_directory_from_local_applies_via_shared_agent_tab_entry. Harness: test_environment_backend_kind_dispatch_call_sites_are_audited.
environment runtime: multi-window transport ownership,view.rs next_environment_runtime_session_id + transport event subscription,current-app workspace does not allocate remote transport IDs,RemoteServerManager singleton allocates synthetic owner IDs and each Workspace filters the global event stream by its EnvironmentTable ownership,na,yes,verified,#26 per-Workspace SessionId(0) allocator removed；global manager owns allocation，non-owner Workspace cannot consume binary/install/connect/disconnect events。测试 test_environment_runtime_session_ids_are_global_across_workspaces.
environment table: local lifecycle projection,environment_table.rs upsert + runtime_snapshots,Current App row is always Connected and never projected as runtime,Remote rows start Dormant until a transport session is attached,na,yes,verified,#27 lifecycle derives from backend capability；UI dedupe is no longer responsible for hiding an invalid Local runtime row。测试 local_entry_is_connected_and_excluded_from_runtime_snapshots.
file browser: rename target identity,server_file_browser.rs start_rename + commit_rename,Terminal backend stores lexical entry path and re-resolves after refresh,Environment backend stores the same lexical entry path and re-resolves after refresh,yes,yes,verified,#28 active rename no longer stores volatile row index；symlink retarget/reload/sort cannot redirect mutation to another entry。测试 rename_target_path_survives_listing_reorder.
project explorer: symlink target lifecycle watcher,current_app_model.rs symlink_watch_mount + handle_watcher_event,Local target events refresh lexical link state and lifecycle watch advances through nearest existing ancestor,Remote helper repo metadata uses the same repo_metadata model and mutation projection,yes,yes,verified,#29 target delete/recreate no longer removes lexical link row；mount-root projection forbids trailing slash；missing multi-component target creation advances direct watch one ancestor at a time。测试 external_target_delete_and_recreate_preserves_lexical_link_identity / external_file_symlink_target_lifecycle_updates_kind_without_losing_link / broken_external_symlink_target_creation_is_projected_without_manual_refresh.
file browser: daemon directory deletion,daemon_backend.rs delete_dir_recursive + remote_server DeleteDirectory,In-memory/libssh2 backends delete directories with directory primitives,Daemon backend recursively deletes children then sends explicit DeleteDirectory/remove_dir for the empty directory itself,yes,yes,verified,#30 DeleteFile no longer carries directory semantics；non-empty DeleteDirectory fails instead of following links or recursively deleting implicitly。测试 delete_directory_has_explicit_empty_directory_semantics.
project explorer: chained symlink lifecycle,current_app_model.rs symlink_watch_mount + project_watch_path,Raw lexical alias parent and canonical content target are separate watch roots,Remote helper uses the same repo_metadata mount model,yes,yes,verified,#31 intermediate alias retarget refreshes the lexical link root and replaces mount ownership without manual reload. Test external_symlink_chain_retarget_refreshes_mount_from_lexical_lifecycle_event.
file browser: symlink transfer policy,server_file_browser.rs + sftp_manager + remote helper chunk RPC,Local upload sources are lstat-checked and symlinks are rejected before planning,SFTP/Environment entries preserve inode kind；UI/backend/helper all reject symlink before byte IO,yes,yes,verified,#32 + LR-039：协议不能保留 link inode 时所有 transfer surface 共用 deny contract；上传目标 symlink 不得被 OpenOptions 跟随。Tests cover Workspace planner SFTP backend and helper RPC.
project explorer: watcher mutation ordering,current_app_model.rs enqueue_repo_update + start_next_repo_update,Each local repository has one FIFO mutation pipeline,Remote helper uses the same per-repository pipeline,yes,yes,verified,#33 background filesystem reads cannot apply out of order；re-index/remove invalidates the active token so stale callbacks cannot mutate a replacement tree. Test repository_watcher_batches_are_single_flight_fifo_per_repo.
environment table: fallback authority classification,environment_table.rs ensure_entry_for_authority,Terminal bootstrap is recognized only by the shared authority capability parser,Runtime fallback rows reuse the shared display-label and connection-ref parser,yes,yes,verified,#34 string prefix checks are forbidden because remote/custom authorities beginning with local must not become Connected Local rows. Test fallback_entry_classification_uses_authority_capability_not_string_prefix.
session metadata: local/remote title fallback parser,cli_agent_jsonl.rs shared transcript metadata parser,Local scanner uses provider title then first real user message then agent display name,Remote scanner uses the identical parser and fallback order,yes,yes,verified,#35 + LR-035：本地/远程禁止复制 transcript title parser；注入内容不得成为用户标题。
environment authority typed parsing,environment_authority.rs ParsedEnvironmentAuthority,Local/AppState/EnvironmentTable/Navigator consume TerminalBootstrap capability,Remote/provider/runtime consume SavedSsh or custom Runtime capability,yes,yes,verified,#35 LR-037 all classification/navigation/connection-ref/display-label semantics move to one typed parse result. Static guard script/check_local_remote_parity forbids prefix parser copies; tests environment_authority_parser_covers_local_saved_ssh_and_custom_runtime and environment_snapshot_runtime_connection_ref_uses_shared_authority_parser.
CLI-agent plugin environment host scope,session_navigator.rs workspace_session_environment_host_key,TerminalBootstrap returns None and uses current-app plugin manager,Every SavedSsh/custom/container/WSL runtime returns Some scoped key；transport target only enriches SavedSsh,yes,yes,verified,#36 LR-038 backend capability must not be inferred from saved-SSH connection_ref presence. Test custom_runtime_session_registers_environment_host_key_without_saved_ssh_connection_ref.
remote protocol: required oneof result,RemoteServerClient::send_request + environment_runtime adapters,Local filesystem/process APIs return concrete Result and cannot encode an absent outcome,Remote protobuf oneof result is validated once at transport boundary before any domain adapter,yes,yes,verified,#38 + LR-040：缺失 oneof result 是协议破坏；禁止 Write/Rename/Save/Resolve/CLI mutation 把 None 当成功或默认值。Static contract 必须覆盖 proto 新增 response.
file browser: complete directory listing,ListDirectory helper + SftpBackend::list_dir,Local read_dir entry and symlink_metadata errors fail the listing,Remote helper must collect every lexical entry or return explicit Error; broken symlink target remains a row,yes,yes,verified,#39 + LR-041：Success 不得代表 silent partial listing；iterator/file_type/lexical metadata fail-closed，target_kind 单独表达 broken symlink.
session navigator: scan commit boundary,shared recent JSONL discovery + Refresh commit,Local scanner returns typed failure and preserves previous indexed rows,Remote helper returns explicit scan error and Workspace preserves authority cache,yes,yes,verified,#40 + LR-042：traversal error 不得伪装成成功子集；local/remote 共用 discovery，cache replace 只接受完整 Success.
session navigator: required home resolution,shared require_cli_agent_home + scan/read/mutate boundaries,Home unavailable returns Error and Refresh preserves previous local rows,Home unavailable returns RPC Error and never maps stores under filesystem root,yes,yes,verified,#41 + LR-043：unknown home 不是 empty store；禁止 dirs::home_dir fallback 到 `/`，scan/read/mutate 共用 required-home resolver.
file browser: terminal complete directory listing,list_terminal_directory + remote ListDirectory,Terminal backend fails entire listing on lexical metadata error,Remote helper fails entire listing on iterator/file_type/lexical metadata error,yes,yes,verified,#42 + LR-044：LR-FILE-LIST-COMPLETE-01 扩展到 FileBrowserBackend::Terminal；禁止 symlink_metadata error continue.
session navigator: cwd metadata parity,cli_agent_jsonl host-scoped cwd normalization,Local scan expands and validates cwd through shared normalizer,Remote scan expands and validates cwd through same normalizer,yes,yes,verified,#43 + LR-045：删除 remote-only clean_cwd；相同 transcript 在本地/远程投影相同 cwd 或 None.
session navigator: global logical history limit,cli_agent_jsonl shared logical source limiter,Local aggregates all provider sources then applies one global logical-session limit,Remote aggregates the same provider sources and applies the same limiter,yes,yes,verified,#44 + LR-046：常量共享不等于语义共享；quota/dedup/sort 必须只有一个实现并保留入选会话全部 backing sources.
session navigator: Codex index record parser parity,cli_agent_jsonl shared Codex index record parser,Local maps shared id/title/cwd/updated_at record into IndexedSession,Remote maps the same record into ScannedSession,yes,yes,verified,#45 + LR-047：禁止 local parse_codex_session_index_line 与 remote field fallback 双实现；id/session_id/sessionId 语义一致.
session navigator: single typed initial scan boundary,Workspace construction + initial refresh,Constructor initializes an empty cache and initial refresh uses typed scan plus transactional commit,Remote authority cache already commits only complete RPC Success through the same refresh lifecycle,yes,yes,verified,#46 + LR-048：静态/聚焦/cargo/冷启动 runtime 均通过；首次/后续本地扫描只有一个 typed boundary.
remote helper: dev install single-flight and coherent timeout budget,dev/source SshTransport install pipeline,All sessions share one process-wide local helper build/install gate and recheck freshness after waiting,Remote authority setup waits for the shared install result without launching another cargo build or expiring first,yes,yes,verified,#47 + LR-049：remote → local → remote runtime 通过；fresh helper/stamp 重复激活未出现重复 build pipeline.
filesystem watcher: lexical symlink rename projection,BulkFilesystemWatcher RenameMode::Any reducer,Local macOS rename events classify lexical inode state without following symlink targets,Remote helper and repository metadata consume the same normalized add/delete semantics for lexical rows,yes,yes,verified,#48 + LR-050：dangling symlink rename 必须 new path added + old path deleted；禁止 Path::exists/metadata/canonicalize 决定 link row existence.
application lifecycle: single GUI process,process-level owner lock + startup IPC,all local/dev/release GUI channels arbitrate before shared initialization on Linux/Windows,all local/dev/release GUI channels use the same app-identity-scoped fail-closed ownership contract on macOS,yes,yes,verified,#49 + LR-052: release feature gate removed and singleton path now ignores WARP_DATA_PROFILE; cross-profile second bundle launch exited 0 with the same sole GUI/terminal-server owner.
application lifecycle: framed startup intent IPC,bounded length-prefixed owner transport,Linux/Windows platform transports preserve one complete startup invocation,macOS nonblocking listener restores blocking framed IO per accepted stream and ACKs only after queue admission,yes,yes,verified,#58 + LR-058：禁止用 read_to_end/EOF 给启动 intent 分帧；accepted socket 模式、payload 上限与 ACK 时机由一个协议边界定义。
session navigator: app-wide durable live ownership,WorkspaceRegistry derived live/pending owner lookup,Local/current-app durable session is unique across all windows,Remote Environment durable session uses the same owner lookup keyed by canonical EnvironmentKey,yes,yes,verified,#50 + LR-053：同一 durable identity 只能有一个 live/materializing owner；其他窗口只导航，不再次 resume。
session navigator: canonical Codex provider session identity,cli_agent_jsonl canonical_codex_session_id + session_meta parser,Local scan/index/CLI command only admit canonical UUID and preserve it after later msg_/fc_ items,Remote scan and SessionBridge reader use the same canonical UUID guard before durable identity creation,yes,yes,verified,#51 + LR-054：所有 Codex identity 写入边界共用 UUID guard；消息/函数调用对象 ID fail-closed.
release build: locked dependency graph,explicit cargo build --locked before bundle/package,macOS app binary is built from committed Cargo.lock before cargo-bundle assembly,Linux musl helpers use the same committed Cargo.lock for both architectures,yes,yes,verified,#52 + LR-055：cargo-bundle 不暴露 --locked，因此先 locked build 再 CARGO_BUNDLE_SKIP_BUILD 装配，禁止 tag 时隐式改依赖图.
release bundle: generated Info.plist postcondition,script/macos/bundle normalize + pre-sign assertion,dev bundle template writes lifecycle key,release cargo-bundle output writes and re-reads lifecycle key,yes,yes,verified,#56 final Ashide.app Info.plist is the authority; template-only checks cannot pass the release gate
session navigator: retiring process ownership,WorkspaceRegistry retiring durable session lease,Closing a local/current-app owner requests PTY shutdown and retains ownership until TerminalModel exit,Remote Environment terminal uses the same model-exit lease and fail-closed activation guard,yes,yes,verified,#57 + LR-057：UI owner 消失不等于进程 owner 已释放；旧 PTY 确认退出前禁止同 identity 再次 resume.
environment runtime: stale client invalidation and pane-owned restore transaction,shared runtime authority reconnect + pane-owned materialization boundary,Current-app scope never manufactures a remote client and placeholder intent is bound before activation side effects,Connected remote state without a registered client is hidden from observers and routed through the shared authority reconnect entry,yes,deferred,verified,#53 + LR-051：Left Panel、Skill Manager、Session Navigator user-state mutation 共用 fail-closed stale-client invalidation；restore placeholder 先绑定 required PaneId/intention，再允许同步 UI refresh 触发 reconnect。
file browser: transfer execution nofollow boundary,actual local source/destination open + remote promotion,Upload reads only a regular lexical inode and download refuses symlink destination ancestry,Remote symlink conflicts cannot enter overwrite and promotion rechecks final path,yes,yes,verified,#59 + LR-059：planner guard 不替代 actual open；execution 使用 nofollow/fail-closed。
file browser: atomic expanded tree reload,reload_directory_tree complete snapshot commit,Terminal root and all expanded child listings commit together,Environment root and all expanded child listings commit together,yes,yes,verified,#60 + LR-060：任一 child listing Error 保留旧 tree，禁止 partial Success。
remote protocol: typed resolve-path outcome,ResolvePath Success/NotFound/Error oneof,Terminal existence uses native typed Result,Remote conflict scan only maps explicit NotFound to None,yes,yes,verified,#61 + LR-061：permission/I/O/protocol error 不得伪装成不存在。
engineering guard: parity presubmit CI,.github/workflows/ci.yml,Local contributors run script/presubmit,PR/push CI runs format + parity static check + cargo check --locked,yes,yes,verified,#62 + LR-062：SPEC/check/test 不再依赖人工记得执行。
engineering guard: tracker matrix referential integrity,tracker capability_matrix reference + CSV capability column,Every tracked local/remote finding names one unique capability row,The same unique row records remote semantics and completion state,yes,yes,verified,#63 + LR-063：静态门禁与 Rust contract test 拒绝缺失引用和重复 capability。
application lifecycle: ownership before shared side effects,run_internal pre-init singleton boundary,First GUI owner claims process lock before logging/SQLite/TLS side effects,Second launch only forwards framed intent and exits before shared logging initialization,yes,yes,verified,#64 + LR-064：non-owner 禁止截断/轮转 owner 日志；ownership 是所有进程级共享副作用的前置边界。
session bridge: authority-bound source locator,typed EnvironmentCliAgentSourceLocator,Local source locator carries current-app authority explicitly,Remote source locator preserves encoded authority and rejects snapshot mismatch,yes,yes,verified,#65 + LR-065: source authority is inseparable from provider path and mutation target.
session navigator: canonical Codex ingress boundary,shared canonical Codex identity type,Local OSC/plugin events validate before model mutation,Remote scan and SessionBridge reader validate before IR or persistence,yes,yes,verified,#66 + LR-066: canonical UUID is an ingress type boundary rather than a call-site helper.
session navigator: complete-or-error remote scan,typed record decode plus transactional cache commit,Local scan fails as a whole on malformed required records,Remote scan preserves old cache unless every record decodes,yes,yes,verified,#67 + LR-067: filter_map is forbidden on required scan outcomes.
session bridge: owning-host atomic append,remote helper AppendFile operation,Local uses O_APPEND on the owning host,Remote helper performs the same atomic append without client rewrite,yes,yes,verified,#68 + LR-068: native history append cannot be read-modify-truncate.
session bridge: single native write plan,NativeSessionWritePlan builder plus host executors,Local executor applies the shared deterministic plan,Remote executor applies the identical operation set and transaction semantics,yes,yes,verified,#69 + LR-069: provider format generation has one home.
environment runtime: typed restore backend dispatch,ParsedEnvironmentAuthority backend capability,TerminalBootstrap alone may create current-app terminal,SavedSsh and Runtime use provider materialization or fail closed,yes,yes,verified,#70 + LR-070: connection_ref is enrichment not dispatch.
environment runtime: retryable pane-owned restore intent,pane-owned pending materialization transaction,Local bootstrap failure requeues the same pane intent,Remote reconnect/helper failure preserves intent for retry,yes,yes,verified,#71 + LR-071: transport failure never equals user cancellation.
session navigator: all-close-path retiring ownership,WorkspaceRegistry two-phase Retiring lifecycle on pane terminal detach,Local permanent close shuts down while undo retain/restore/discard transitions preserve process semantics,Remote terminal close uses the same app-wide process lease and shutdown boundary,yes,yes,verified,#72 + LR-072: every close path shares one retirement lifecycle; restore cancels lease and discard shuts down before exit release.
environment entry: single backend delivery home,EnvironmentBackend intent delivery,Local backend performs synchronous spawn,Runtime backend performs asynchronous placeholder materialization,yes,yes,verified,#73 + LR-073: behavior call sites do not branch on backend timing.
environment authority: typed construction home,environment_authority typed constructors,Local and terminal bootstrap identities use typed constructors,Saved SSH and runtime lookup never format raw authority strings,yes,yes,verified,#74 + LR-074: parse and construction share one authority home.
sftp mutation: inode-bound recursive delete,opaque lexical directory identity plus helper dirfd recursion,Local destructive delete revalidates selected inode,Remote recursive delete pins the same directory object and rejects symlink replacement,yes,yes,verified,#75 + LR-075: confirmation does not authorize a different inode.
remote helper: inode-pinned transfer handles,BeginTransfer plus opaque handle chunk RPC,Local transfer keeps one opened file object,Remote chunks address the same helper-owned fd rather than path,yes,yes,verified,#76 + LR-076: chunk streams cannot splice inodes.
sftp transfer: shared nofollow actual-open,shared lexical transfer opener,Local Workspace and SFTP reject source swaps at actual open,Remote destination ancestry is opened nofollow at execution,yes,yes,verified,#77 + LR-077: planner guards never replace actual-open safety.
sftp transfer: operation-owned atomic staging,unique same-directory O_EXCL staging,Local download and upload preserve old final on failure,Remote promotion and cleanup own only the operation staging identity,yes,yes,verified,#78 + LR-078: fixed partial names and direct truncate are forbidden.
workspace transfer: verified exact promotion commit,typed per-target promotion result,Local conflict and partial commit are explicit outcomes,Remote helper proves every staging consumption and committed target,yes,yes,verified,#79 + LR-079: mv -n skip is not success.
workspace mutation: exact-target remote rename,typed exact rename operation,Local rename refuses existing destination,Remote destination conflict cannot degrade to mv into directory,yes,yes,verified,#80 + LR-080: UI commits only returned actual path.
sftp browser: generation-owned directory listing,connection path generation request token,Local navigation applies only latest matching completion,Remote blocking listing completion is discarded when ownership token is stale,yes,yes,verified,#81 + LR-081: stale async results have zero state effects.
application lifecycle: cross-platform pre-init singleton arbitration,platform-neutral preinit singleton entry,macOS and Unix desktop claim or forward before init_common,Windows uses the same fail-closed preinit decision before shared side effects,yes,yes,verified,#82 + LR-082: platform transport differs but ownership timing and failure policy do not.
environment entry: shared agent split layout intent,deliver_agent_pane_split with AgentSplitLayoutIntent,Local and connected runtime insert real pane root-right and apply shared flex sizing,Connecting runtime inserts a root-right loading pane with the identical sizing and preserves it through targeted replacement,yes,yes,verified,#83 + LR-083: pane materialization timing differs but placement and sizing are one shared intent.
release bundle: explicit settings schema channel mapping,generate_settings_schema active_flags_for_channel,Local and dev explicitly select development flags,Stable and oss explicitly select release-only flags,yes,yes,verified,#84 + LR-084: release resources cannot silently fall back from oss to dev feature flags.
release bundle: offline locked metadata assembly,script/macos/bundle locked fetch and offline cargo-bundle,Local release fetches the complete Cargo.lock graph before build,Remote helper artifacts keep their own locked build entry while desktop assembly cannot re-resolve registry state,yes,yes,verified,#85 + LR-085: final app bundle assembled offline after explicit locked fetch.
release bundle: repository-owned state-driven DMG assembly,script/macos/create_ashide_dmg,Local macOS release uses diskutil image lifecycle and state-driven Finder persistence,Published DMG is read-only remounted and verifies identical persisted layout and explicit contents,yes,yes,verified,#86 + LR-086: final app DMG passed persisted Finder verification and independent read-only mount inspection.
release bundle: version-pinned fail-closed license generation,cargo-about 0.9.1 release resource contract,Local and CI installs exact cli-enabled cargo-about and freezes workspace resolution,All release OS run the same workspace/frozen/fail generation policy,yes,yes,verified,#87 + LR-087: cached old tools or warning-only license errors cannot enter release artifacts.
environment runtime: explicit failed-environment reselect retry,activate_tab_for_user_visible_navigation + prepare_active_environment_after_visible_tab_activation,Local visible navigation has no runtime side effect,Environment Strip SwitchEnvironment keyboard tab navigation and Session Navigator all route failed remote activation to the shared reconnect state transition while background ensure remains inert,yes,yes,verified,#88 + LR-088: no user-visible navigation path may handwrite queue/ensure/open and bypass reconnect intent.
environment runtime: persisted Error restore boundary,EnvironmentEntry::from_snapshot + EnvironmentTable lifecycle authority,Local snapshots remain intrinsically Connected,Remote persisted Error remains Error while transport-bearing pre-restart states normalize to Dormant,yes,yes,verified,#89 + LR-089: cold restore and browser unavailable must not reinterpret Error as Dormant or create a transport generation.
release bundle: Finder window generation and atomic DMG output,create_ashide_dmg + configure_ashide_dmg.applescript,macOS app bundle remains untouched until packaging succeeds,read-only DMG verification closes stale Finder window generation and failed verification removes OUTPUT_DMG,yes,yes,verified,#90 + LR-090: compressed image is not a release artifact before fresh-window persisted-layout verification commits.
release bundle: display-independent DMG window geometry,configure_ashide_dmg.applescript assertLayout,App packaging does not depend on display placement,Finder may choose any visible global origin while the persisted window size remains 761x500,yes,yes,verified,#91 + LR-091: global display coordinates are runtime placement and must not be part of the release artifact contract.
terminal session: bootstrap-safe render query,Sessions lifecycle event boundary + TerminalView launch-data query,Local terminal bootstrap may expose an active ID before Session materialization,Remote/runtime terminal bootstrap has the same asynchronous gap and must not emit per-frame false integrity warnings,yes,yes,verified,#92 + LR-092: render-time getters return unavailable during bootstrap; lifecycle diagnostics belong to event boundaries.
environment navigation: container reconstruction is not content creation,EnvironmentTabActivationResult + activate_or_recreate_environment_tab_for_authority,Local tab navigation never synthesizes a replacement session when recreating UI state,Remote registry tab reconstruction and final-session deletion preserve an inert placeholder while only explicit activation of an existing placeholder may queue terminal materialization,yes,yes,verified,#93 + LR-093: navigation container lifecycle and content creation intent are separate typed state transitions.
workflow browser: reactive path and generation-owned loading,Input active block path propagation + ProjectWorkflowLoadState,Local project workflow browser follows the latest current-app path and clears when absent,Remote or non-current-app sessions cannot retain stale local project workflows and late path loads cannot overwrite the latest owner,yes,yes,verified,#94 + LR-094: path is live state and every asynchronous load is owned by path plus generation.
release helper: runtime-complete platform asset matrix,RemotePlatform support matrix + make_release_helper_artifacts,Local app architecture does not limit which remote helper assets are released,Linux and macOS x86_64/aarch64 helpers are explicit locked builds from the current checkout and all are uploaded with a complete checksum manifest,yes,yes,verified,#95 + LR-095: every runtime-detectable platform must have a release asset; host-architecture fallback is forbidden.
release CI: declared static-check toolchain,Linux dependency entrypoint + parity checker prerequisite validation,Local development obtains rg/python3 from declared tooling rather than relying on ambient PATH,Clean CI provisions the same checker dependencies and fails once with a precise prerequisite error when absent,yes,yes,verified,#96 + LR-096: non-POSIX checker dependencies belong to the repository toolchain contract; command-not-found must never fan out into false parity violations.
release bundle: complete locked license dependency graph,Unix/Windows bundled-resource entrypoints,Local and CI license generation fetch the complete Cargo.lock graph before metadata resolution,Every release OS executes cargo fetch --locked before cargo about --workspace --frozen instead of relying on target-specific build caches,yes,yes,verified,#97 + LR-097: clean candidate run 29545895954 generated licenses and uploaded Linux artifact 8395303564 plus Windows artifact 8394785235; complete workspace metadata ownership belongs to the resource entrypoint.
SFTP staging: stable Windows handle identity,UniqueTransferStaging + windows_file_identity,Unix staging remains bound to dev/inode and directory fd,Windows staging derives volume serial/file index from an opened Win32 handle and reopens lexical paths with OPEN_REPARSE_POINT before commit/drop,yes,yes,verified,#98 + LR-098: path-only validation and unstable std MetadataExt identities are forbidden.
release helper test: format-independent target assertions,release_workflow_publishes_versioned_remote_helper_assets + parity checker,Local test behavior is independent of shell indentation,Remote helper asset matrix checks x86_64 and aarch64 invocations independently and fails only when a target call disappears,yes,yes,verified,#99 + LR-099: static guards assert behavior markers rather than whitespace-coupled source layout.
command search: late source joins current query,SearchMixer::add_async_source + current-query commit ownership,Local history available before view creation participates in the initial query,Remote/slow or late history registration reopens pending readiness while preserving old results only as non-selectable visual placeholders until the current query commits,yes,yes,verified,#100 + LR-100: dynamic source execution and selection readiness are query-owned rather than timing-owned.
UI interaction: current-scene saved-position ownership,PositionCache frame ownership + integration saved-position dispatch,Local pointer automation only targets elements painted in the latest completed scene,Remote/slow rendering transitions cannot reuse stale prompt/menu coordinates and route events into a different current element,yes,yes,verified,#101 + LR-101: persistent layout geometry is not proof of current pointer interactivity.
UI interaction test: explicit negative geometry ownership,SavedPositionRequirement + negative-test-only click helper,Local pointer tests require a target painted in the current scene,Remote/slow rendering uses the same current-scene rule while an explicit negative test may reuse last committed geometry only to prove a removed target stays inactive,yes,yes,verified,#102 + LR-102: current interaction readiness and intentional post-removal geometry are separate typed intents; cached geometry is never a general fallback.
UI interaction: non-empty current-scene hit geometry,PositionCache interactive geometry + integration pointer dispatch,Local prompt/menu automation waits for positive-area current-scene geometry,Remote/slow rendering uses the same rule so zero-size transitional positions cannot route events into adjacent or underlying elements,yes,yes,verified,#103 + LR-103: current-scene paint ownership and pointer hit readiness require non-empty geometry.
UI integration: retryable asynchronous layout assertions,AssertionOutcome frame retry contract,Local pane/window layout assertions return retryable failure until geometry commits,Remote/slow layout follows the same frame-driven retry and never converts transient zero sizes into panic or fixed sleeps,yes,yes,verified,#104 + LR-104: entity creation and layout commit are distinct completion states.
release workflow: source ref and product version separation,release.yml source/product identity gate,Formal v* push uses the pushed product tag after pre-build validation,workflow_dispatch may checkout a candidate tag or branch but always uses inputs.tag for product artifacts and concurrency,yes,yes,verified,#105 + LR-105: candidate run 29550633147 validated refs/tags/candidate/v0.3.0-0488b3c as source and v0.3.0 as product identity before Linux job 87792184706 macOS job 87792184718 and Windows job 87792184730 all succeeded; artifacts 8396648033 8398099047 and 8396330944 were uploaded.
terminal integration: process-owned Ctrl-C readiness,test_ctrl_c signal target protocol,Local isolated execution observes the same target-emitted readiness marker,Full-load execution cannot send Ctrl-C during the Preexec-to-foreground gap because the target installs SIGINT handling before emitting readiness,yes,yes,verified,#106 + LR-106: shell hooks and UI block state are not sufficient signal-target readiness; sleep timeout retry and serialization are forbidden. Verified by integration run 46864338 226/226 and full workspace run 393d0a8a 6167/6167.
UI integration: command palette selected-binding readiness,open_command_palette_and_run_action exact selected binding gate,Local fast action search accepts Enter only after the requested AcceptBinding is selected,Remote/slow or full-load result commits cannot make an intermediate Session/Conversation/File result satisfy action-test readiness,yes,yes,verified,#107 + LR-107: action helpers wait for the open palette and exact selected binding identity; arbitrary non-empty results and timing masks are forbidden. Verified by integration run 46864338 226/226 and full workspace run 393d0a8a 6167/6167.
release macOS: unsigned bundle seal integrity,script/macos/bundle seal_and_verify_app_bundle + make_release_artifacts packaging gate,Local ad-hoc installation seals the complete app bundle before launch,GitHub runner without Developer ID secrets must produce the same strict-verifiable complete bundle before DMG packaging,yes,yes,verified,#108 + LR-108: linker-signed main executables are not complete app signatures; Info.plist and Resources must be sealed and strict-verified before release packaging.
session container: allocation-to-delivery parity,EnvironmentBackend shared entry delivery,TerminalBootstrap allocates PaneConfiguration binding then synchronously attaches terminal runtime,Runtime allocates the same PaneConfiguration binding then asynchronously replaces placeholder with terminal runtime,yes,yes,verified,#109 + LR-109: all intents reuse EnvironmentBackend PendingMaterialization PaneConfiguration and WorkspaceSessionSnapshot; Navigator metadata overlays and bootstrap-finalize first binding are forbidden; Clean rebuilt AshideDev local and remote Resume each preserved one logical row with no transient generic carrier for 240/240 frames.
agent harness: architecture context routing,AGENTS task routing + ashide-architecture-change workflow,Feature name is not required to load current SPEC tracker and shared abstractions,Remote-only or async lifecycle reports load the same architecture workflow and current domain contracts,yes,yes,verified,#110 + LR-110: feature-memory skills are deleted; project skills are procedures only and CI runs check_agent_harness.
session source/user state: backend-owned persistence and scan,Session Navigator authority-scoped source/user-state capability,EnvironmentTable local entry + current-app sidecar,EnvironmentTable runtime entry + runtime RPC,yes,async delivery only,verified,#111 Navigator no longer owns local/remote cache persistence or refresh branches; existing Environment backend owns I/O timing.
session action: canonical authority identity,WorkspaceSessionActionTarget constructor + shared authority matcher,Missing snapshot authority canonicalizes once to TerminalBootstrap authority,Runtime snapshot preserves its complete Environment authority,yes,yes,verified,#112 + LR-112: action targets never propagate authority None; Navigator matching has no legacy None-as-local or id-only wildcard branch; Clean rebuilt AshideDev executed local and remote session-row Resume actions through explicit selector authority with stable rows.
environment navigation: backend-owned container activation,EnvironmentTable entry_target_snapshot + EnvironmentBackend activate_navigation_container,TerminalBootstrap activates or creates the current-app navigation container,Runtime activates or recreates the inert Environment placeholder without synthesizing a terminal intent,yes,delivery timing only,verified,#113 + LR-113: 2026-07-20 rebuilt AshideDev real Navigator activation preserved tab cardinality while adding exactly one split leaf for both local and remote-fixture-secondary runtime; target authority and Conversation binding remained on the focused pane.
SessionBridge conversation edit: environment-independent source,current-app Conversation store reader + Blocklist live IR + shared conversation restore delivery,Historical conversation cold-read and Fork-to-Ashide write-back use current app SQLite; explicit source authority selects only delivery context,The same persisted conversation cold-read and write-back use current app SQLite while preserving runtime authority only as execution/fork/delivery context,yes,yes,verified,#114 + LR-114: action layer cannot reject runtime authority or inline SQLite; completion carries explicit source authority into shared restore instead of inferring it from the new Conversation or ambient focus. Current-build GUI Fork from remote-fixture-secondary wrote ffe96606-5adf-4a15-b73f-4b6233c3e2ab to current-app SQLite and restored 183 blocks in the remote runtime without the former missing-Environment error.
environment navigation activation: typed lifecycle intent,EnvironmentBackend activate_navigation_container + EnvironmentNavigationActivationIntent,EnsureTargetContainer activates or creates current-app container; AfterContainerClosed creates only when no visible tab survives,EnsureTargetContainer and AfterContainerClosed both activate or recreate the runtime inert placeholder,yes,delivery timing only,verified,#115 + LR-115: lifecycle intent is typed at the existing backend boundary; product code cannot infer intent or branch by backend. Clean rebuilt AshideDev runtime created and deleted a controlled fifth local tab; returned to the four existing neighbors without an empty replacement; and cold-restored the active remote carrier as the same stable environment_runtime_placeholder.
environment session refresh: typed side-effect intent,EnvironmentBackend refresh_indexed_sessions + EnvironmentSessionRefreshIntent,PassiveProjection and UserInitiated both scan synchronously through EnvironmentTable cache,PassiveProjection never reconnects; only UserInitiated may reconnect and owns refresh generation completion,yes,async delivery only,verified,"#116 + LR-116: rebuilt AshideDev cold-restored the persisted remote-fixture-secondary Error and performed passive session scans without creating a proxy or implicit connection; the explicit ReconnectCurrentEnvironment action then started exactly one connection, resolved roots, materialized the runtime terminal and restored 43 Navigator sessions."
session container: sourceless restore identity binding,PaneConfiguration live owner + LeafSnapshot snapshot owner + pane_container_identities.session_binding_json,Restore without a native provider ID binds source identities to the allocated local pane container,Remote cold restore must preserve the same LeafSnapshot binding when Terminal contents become EnvironmentRuntimePlaceholder,yes,delivery timing only,verified,#117 + LR-117: generic pane-container ownership verified by focused tests and two consecutive rebuilt-App remote/local cold restores on 2026-07-20; fixed container bindings remained identical and SQLite integrity_check was ok.
materialized session user state: source-key alias/pin projection,EnvironmentTable navigation-key projection partition + Session Navigator Refresh,Live local container and local:<root> aliases share indexed rows and Alias/Pin through PaneSessionBinding.source_identity_keys,Live runtime container uses the identical partition and key expansion after placeholder materialization/cold restore,yes,persistence timing only,verified,#118 + LR-118: indexed rows user state and reducer model have one navigation-key owner; Alias enters before Refresh; no exact-authority cache post-reducer overlay or remote-only UI adapter.
session restore: in-flight projection ownership and cardinality,EnvironmentTable navigation-key reducer model + Restore lifecycle,Local synchronous Resume reconciles source and carrier inside one canonical model,Runtime placeholder/materializing Resume uses the identical model and only differs in delivery timing,yes,delivery timing only,verified,#119 + LR-119: lifecycle state and canonical rows cannot be separated; target carrier/cardinality/order remain stable through source-missing frames; Clean rebuilt AshideDev local and remote Resume each preserved cardinality and order for 240/240 frames.
session bridge native fork: target Codex system configuration,SessionBridge native writer + NativeSessionTargetContext + Codex transcript/index,Local backend reads target CODEX_HOME/config.toml and writes only config-derived bootstrap provider,Runtime backend reads its own target CODEX_HOME/config.toml and uses the same plan builder,yes,config read transport only,verified,#120 + LR-120: remote remote-fixture-secondary GUI Fork generated rollout 283b80cb with target Codex 0.144.6 and provider yggdrasil; real codex exec resume returned ASHIDE_LR120_REMOTE_OK without hardcoded runtime fields.
session bridge native fork: Claude target ownership and config root,SessionBridge native writer + NativeSessionTargetContext + Claude transcript/history,Local reads target CLAUDE_CONFIG_DIR or home/.claude and omits runtime-owned fields,Runtime reads its own CLAUDE_CONFIG_DIR and uses the same plan builder,yes,config read transport only,verified,#121 + LR-121: remote remote-fixture-secondary GUI Fork omitted target-owned runtime fields; real Claude 2.1.158 resume of session 8c604e49 returned ASHIDE_LR121_REMOTE_OK.
CLI-agent stores: explicit operation-scoped target roots,CliAgentStoreRoots + Environment target-root resolver + remote helper RPC,Current process resolves one roots snapshot and scan/read/delete/native writer consume it,Environment session resolves one roots snapshot and passes it to helper scan/read/mutate/native writer,yes,root transport only,verified,#122 + LR-122: helper daemon environment is never configuration authority; 2026-07-20 remote custom CODEX_HOME/CLAUDE_CONFIG_DIR survived scan→read→mutate→GUI Fork and the generated Codex session resumed with the real target CLI while default roots remained untouched.
remote helper: explicit bidirectional protocol revision,RemoteServerClient Initialize + ServerModel handle_initialize + revision-derived helper identity,Client sends current revision and rejects missing or wrong helper revision,Helper validates client revision before auth mutation and returns the same revision; current source/dev and release paths both include pty-v6,yes,transport only,verified,"#123 + LR-123: 2026-07-26 当前源码 AshideDev 强制 source helper 后选择 `~/.ashide-dev/remote-server/ashide-dev-pty-v6`，remote proxy connected 且随后成功完成 ScanCliAgentSessions（45 sessions）；这是当前 v6 Initialize 后的业务 RPC 证据。"
remote helper: connection-owned handshake eligibility,ServerModel ConnectionState + handle_message gate,No local handshake branch is exposed above the backend,Only Ready remote connections can dispatch business messages,yes,transport only,verified,#124 + LR-124: focused handshake-state tests passed; 2026-07-19 clean App completed two independent same-authority Initialize handshakes and PTY bootstraps.
remote helper: connection-owned command and request resources,ServerModel ConnectionState-owned executor/request registries,No local branch exists above backend,RunCommand Abort resolve and disconnect operate inside one ConnectionId namespace,yes,transport only,verified,#125 + LR-125: focused connection namespace tests passed; 2026-07-19 A Ctrl-C aborted only A while B continued and both connection proxies stayed alive.
remote helper: connection-owned PTY resources,ServerModel ConnectionState-owned PTY registry,No local branch exists above backend,Create/Write/Resize/Close and disconnect enforce the same ConnectionId namespace,yes,transport only,verified,#126 + LR-126: focused PTY owner tests passed; 2026-07-19 two remote PTYs kept independent commands Ctrl-C and CWD state.
remote buffer sync: serialized mutation lifecycle,ServerBufferTracker per-FileId active mutation + FIFO queue,Current-app buffer mutation already shares one canonical GlobalBufferModel,Remote SaveBuffer/ResolveConflict dispatch exactly one same-file mutation at a time and each event completes only active head,yes,transport timing only,verified,#127 + LR-127: nextest 17154e66 production pipeline proved ResolveConflict then queued SaveBuffer respond FIFO and final real-disk content matches the committed head.
remote helper: connection-owned file transfer resources,ServerModel ConnectionState-owned inode-pinned transfer registry,No local branch exists above backend,Begin/chunk/finish/abort/disconnect operate only inside one ConnectionId namespace,yes,transport only,verified,#128 + LR-128: nextest e3f992e7 production dispatch used two initialized connections and proved disconnecting A preserves B cursor/read/finish.
remote helper: inode-pinned transfer snapshot integrity,ConnectionState FileTransferState + environment_runtime shared cursor contract,Local descriptor reads obey exact byte count and bounded-reader limits,Remote Begin fixes total_size and every chunk/write validates exact cursor before commit,yes,transport framing only,verified,#129 + LR-129: nextest e3f992e7 production dispatch proved Begin-size growth capping and truncation fails rather than false eof.
remote buffer sync: transactional conflict resolution,GlobalBufferModel staged resolve + ServerBufferTracker FIFO,Current-app persistence exposes committed state only after FileSaved,Remote ResolveConflict stages client content and commits canonical content/clock only on FileSaved,yes,transport timing only,verified,#130 + LR-130: nextest 17154e66 forced real async FileModel failure; committed content/version/clock stayed unchanged and queued SaveBuffer then persisted committed state.
environment buffer: stable binding and shared consumer ownership,GlobalBufferModel Environment buffer binding + consumer leases + ServerBufferTracker writer owner,Shared current-app buffer remains alive until its last editor consumer closes,Remote Open/Edit/Save/Close keep one session binding and daemon rejects foreign/multi-writer mutations,yes,reconnect explicit,verified,#131 + LR-131: 2026-07-20 two real remote-fixture-secondary windows opened one shared file; closing A left both proxies alive and B remained editable and saved LR131_WINDOW_B_SURVIVED remotely.
shared buffer: loading-owned editability,GlobalBufferModel loading lifecycle projected to CodeEditor InteractionState,Current-app and Environment shared buffers remain non-editable until initial materialization,Remote OpenBuffer latency uses the same loading projection and unlock transition,yes,remote deferred,verified,#132 + LR-132: 2026-07-20 real remote-fixture-secondary daemon STOP/CONT kept the active pending file tab non-editable; canonical content materialized unchanged and only the post-load marker saved remotely.
operation-scoped exact runtime transport binding,ActiveSession / EnvironmentRuntimeTarget / CodeSource / FileBackend / SessionContext,Local operations use current-app backend without transport lookup,Remote operations carry exact SessionId and resolve only client_for_session,yes,reconnect explicit,verified,#133 + LR-133: exact SessionId delivery and alias canonicalization are shared; 2026-07-19 A navigated to /root/manga-review-platform while same-host B stayed /root with no stale navigation warning.
native session bridge: target canonical project identity,NativeSessionProjectContext + shared native write plan,Local canonicalizes source project path on current filesystem before plan,Environment resolves source path with exact SessionId via pwd -P before the same plan,yes,path-resolution transport only,verified,#134 + LR-134: local ed1b2039 and remote remote-fixture-secondary 39623c46 proved symlink cwd resumes the target-canonical Claude store through the shared writer.
environment runtime: session-owned SSH control master,RemoteServerManager Environment-owned SessionId + EnvironmentTable control path binding,Current-app workspace has no SSH ControlMaster resource,Each Environment session derives a distinct authority+SessionId socket and teardown stops only its owner master,na,yes,verified,#135 + LR-135: authority+SessionId owns each socket; focused 2/2 and locked Warp tests passed. 2026-07-19 clean rebuilt App kept both same-authority masters/proxies alive across independent commands A Ctrl-C and divergent CWD navigation with no transport errors.
session restore: carrier identity at allocation,EnvironmentEntryIntent::pane_session_binding + PaneConfiguration initial_session_binding,TerminalBootstrap creates the terminal pane with source binding before tab activation or notify,Runtime creates the placeholder with the same source binding before async PTY materialization,yes,delivery timing only,verified,#136 + LR-136: delivery finalization validates the preinstalled binding and may not patch a visible carrier; local/remote first-frame Resume must keep one logical row and stable cardinality; Clean rebuilt AshideDev first-frame capture showed the source-bound carrier before projection for local and remote Resume.
session navigator: stable row render identity,WorkspaceSessionSnapshot canonical RowId + Vertical Tabs identity helpers,Virtual source and live terminal reuse navigation key + RowId,Runtime source placeholder and materialized terminal reuse the same navigation key + RowId,yes,delivery timing only,verified,#137 + LR-137: physical session.id remains an action locator only; element position hover drag and detail sidecar identity use canonical RowId; Clean rebuilt AshideDev local and remote Resume each held stable row identity/y position for 240/240 frames.
session navigator: stable inline edit identity,SessionNavigatorRowIdentity + reducer RowId registry,Local source-to-live replacement preserves alias editor owner buffer and focus,Runtime source-to-placeholder-to-live replacement preserves the same inline edit lifecycle,yes,delivery timing only,verified,#138 + LR-138: WorkspaceSessionActionTarget is request-time locator only; rename state resolves by Environment navigation key + canonical RowId; focused identity test and cargo check passed; local/runtime inline editor text survived 60/60 Resume frames and temporary aliases were cleared through the product action.
environment runtime: target HOME materialization refresh,EnvironmentBackend refresh_indexed_sessions + root materialization transition,Local target HOME is synchronously available before shared scan,Runtime exact SessionId resolves target HOME then invokes the same PassiveProjection refresh,yes,materialization timing only,verified,"#139 + LR-139: Connected no longer scans before HOME; success transition owns refresh and failure preserves prior rows without / fallback; remote scan found 42 sessions; Clean remote runtime resolved target HOME, scanned 42 sessions, and preserved history cardinality for 240/240 Resume frames."
session navigator: atomic render model,SessionNavigatorModel + reducer Refresh,Local Resume renders sessions and state from one model snapshot,Runtime Resume renders the same model across placeholder/materializing/live timing,yes,delivery timing only,verified,#140 + LR-140: Vertical Tabs and detail sidecar consume one atomic model; clean rebuilt AshideDev local and remote Resume each held constant cardinality/order/y for 240/240 frames.
session navigator: atomic action model,session_navigator reducer action entry,session_navigator_model -> shared reducer action,session_navigator_model -> shared reducer action,yes,yes,verified,LR-141: all reducer actions including PaneFocused/TabActivated consume one refreshed model; clean rebuilt AshideDev local and remote Resume each stayed identity-stable for 240/240 frames
session navigator: indexed scan transaction,EnvironmentTable navigation-key scan generation + canonical indexed collection,Local synchronous scan commits through the same current-token contract,Runtime asynchronous scan completion must match exact SessionId and latest generation before replacing rows,yes,delivery timing only,verified,#142 + LR-142: stale successful subset is rejected by the canonical owner; remote Resume preserved the same 9 tracked titles and y positions for 240/240 frames.
session navigator: committed render projection,EnvironmentTable active SessionNavigatorModel + shared reducer sync,Local source mutation is committed before render,Runtime source/placeholder/provider mutation is committed before render,yes,delivery timing only,verified,#143 + LR-143: render/detail lookup are committed-only consumers; clean rebuilt AshideDev remote 240/240 and local 240/240 window frames had no transient row/cardinality/order/y shift.
parity harness: fail-closed completion gate,script/check_local_remote_parity check_completion_gate,Tracker parser requires unique ids/exactly verified status/no pending verification evidence,Capability matrix CSV parser permits only completion-terminal statuses,yes,yes,verified,#145 + LR-145: fixture-tested completion-only entry catches duplicate ids and four-space pending evidence; fixed/fixed_pending_runtime/partial and unknown states fail closed without LR-specific hard-coding.
terminal runtime: session-owned command execution context,SessionInfo execution snapshot + RemoteServerManager atomic owner/alias registry + ConnectionState executor namespace,current-app command execution consumes current process context,Remote RunCommand consumes the validated per-SessionId target cwd/HOME/PATH plus optional CODEX_HOME/CLAUDE_CONFIG_DIR snapshot; reconnect replays owner and live aliases; exact alias teardown removes the helper executor; heartbeat and root operations wait for the same execution carrier,yes,transport timing only,verified,"#144 + LR-144: red 6ecdcf65 proved the Connected heartbeat bypass and red 0e50e98f proved pre-context NoOp selection. Current focused run 127d9aa7 passed 11/11. A clean rebuilt real remote target observed custom HOME/PATH/CODEX_HOME/CLAUDE_CONFIG_DIR/workspace cwd through the session-owned executor; scan/read/Pin/Fork/Resume succeeded, Fork read target-owned config without model/provider overrides, the source SHA256 remained unchanged, and a full heartbeat interval had no NoOp/No executor/reconnect."
environment provider open: first terminal intent,EnvironmentEntryIntent + PendingMaterialization + PaneConfiguration,TerminalBootstrap consumes PlainTerminal synchronously,Runtime new-provider allocation queues StartupCommand or reconciles PlainTerminal on the first placeholder while existing-container activation creates no extra terminal,yes,delivery timing only,verified,"#146 + LR-146: red e5157f4c proved the first placeholder lacked PendingMaterialization; unified post-activation reconciliation green 7047576b and combined 32de3dcc 8/8 plus locked cargo check passed. Real remote-fixture-secondary Provider picker opening a new container logged the pane-owned terminal intent before transport, then runtime terminal creation, EnvironmentRuntimeCommandExecutor selection and commit without NoOp/No executor/SessionNotFound/reconnect; 160 captured frames had no empty or decreasing remote projection."
environment cold restore: active placeholder preparation,prepare_active_environment_after_activation(ColdRestore) + WindowSnapshot pane tree,Local restored terminal pane is already a live carrier,Runtime preserves the persisted placeholder container/tree then reconstructs all PlainTerminal pending owners before ensuring transport while persisted Error remains inert,yes,delivery timing only,verified,"#147 + LR-147: red b1bbf9eb proved cold restore reallocated the persisted container; identity-preserving pane-tree restore, typed ColdRestore preparation, plural placeholder reconstruction, 4b77c234 10/10, d4b19ecf 5/5 and locked cargo check passed. Existing-bundle cold restart changed PID 57709→14342 and logged pane-owned intent reconstruction before transport, then runtime terminal creation, EnvironmentRuntimeCommandExecutor selection and commit; the real remote shell was visible without placeholder stall, NoOp, No executor or SessionNotFound."
environment runtime: owner-before-transport callsite audit,PendingMaterialization owner + typed preparation + static callsite inventory,TerminalBootstrap allocates the real carrier synchronously before delivery,Runtime carrier requests allocate placeholder/loading pane and queue exact PaneId before any ensure transport call,yes,delivery timing only,verified,"#148 + LR-148: red c9eade65 proved unaudited direct ensure bypasses; the parity gate inventories seven layers across the full production Rust tree and locks exact enclosing function owner sets for preparation, staging, spawn-plan, implicit ensure, low-level start and unique transport/bootstrap primitive callers. Alias/new-wrapper negative probes fail closed; generic/agent/startup/fork typed requests all pass focused owner-before-transport tests. Rebuilt remote-fixture-secondary runtime then composed the real shared path: provider open queued the first placeholder owner, SplitPaneDown 25ms later queued the second owner before one transport, and two Environment runtime executors committed two exact panes. Cold restart PID 84341→92009 reconstructed two distinct placeholder owners before one transport ensure, created/committed two runtime terminals, visibly restored both panes, and emitted no NoOp, No executor or SessionNotFound."
environment split action: workspace-owned authority routing,WorkspaceAction::AddTerminalPane + Workspace::add_terminal_pane_in_current_environment,Workspace active TerminalBootstrap authority synchronously creates the split terminal pane,Workspace active Runtime authority allocates a loading carrier and commits exact PaneId PendingMaterialization before transport/delivery,yes,delivery timing only,verified,"#149 + LR-149: real provider-click then immediate SplitPaneDown reproduced a stale focused local PaneGroup starting /bin/zsh before the remote placeholder materialized. All four production descriptors now register exactly once under workspace::init and dispatch WorkspaceAction::AddTerminalPane; stale focus cannot select the old local PaneGroup, and the copied PaneGroup Environment option/runtime caches are deleted. The static gate emits full-tree path:line owner inventory, locks the exact owner sets, and rejects a temporary duplicate registration in a new production file. Red binding/compile evidence and e8c08854 5/5 focused tests plus locked cargo check pass. Rebuilt single-instance runtime verified local SplitPaneDown uses WorkspaceAction and exactly one local shell; remote-fixture-secondary provider selection followed 25ms later by SplitPaneDown uses WorkspaceAction only, starts no post-action local shell/executor, creates two Environment runtime executors, commits two exact bootstrapped remote panes, and visibly preserves both local and remote Environment chips."
environment runtime reconnect: stable owner and alias graph,Workspace reconnect_environment_runtime_authority + RemoteServerManager lifecycle,Current-app has no remote transport owner replacement,Retained runtime reconnect preserves one synthetic owner SessionId and all terminal aliases/execution contexts/client-host bindings,yes,transport generation only,verified,"#150 + LR-150: after killing the real remote-fixture-secondary environment-runtime-proxy, the rebuilt app reconnected exactly once while preserving owner SessionId(18446744073709551615), host 56987a43-fceb-418e-a747-e8ec51a5416e and alias 178452587811731; root resolution and the 43-row Navigator recovered, then Files Palette opened HANDOFF.md and README.md through the same host."
environment runtime heartbeat: typed liveness classification,schedule_environment_runtime_heartbeat + typed client/protocol result,Current-app does not infer process liveness from a remote shell command,Remote heartbeat reconnects only for explicit transport disconnect; cwd/command/protocol execution failures preserve owner and aliases,yes,async response only,verified,"#151 + LR-151: rebuilt remote-fixture-secondary was cold-restored with an isolated canonical bootstrap cwd, that cwd was deleted, and two real heartbeat cycles returned No such file or directory as ExecutionFailure while preserving owner SessionId(18446744073709551615), transport/client/host/aliases and Navigator projection without reconnect; the live terminal was restored to /root/manga-review-platform afterward."
environment runtime reconnect: typed disconnect cause and single generation,Workspace reconnect intent + RemoteServerManager disconnect lifecycle,Current-app has no remote reconnect generation,Explicit restart/deregister/terminal failure remain typed; automatic consumers wait for active manager generation and only explicit user retry can force restart,yes,transport generation only,verified,"#152 + LR-152: the real remote-fixture-secondary proxy disconnect emitted one retained reconnect intent, one Starting remote server connection and one Connected generation; four browser consumers observed reconnect already in progress and waited, with no recursive restart/stack overflow, while Navigator committed only the recovered 43-session collection."
session bridge harness: real Codex consumer test guard,SessionBridge real Codex ignored test + parity static checker,Current-app native writer is consumed by installed Codex against an isolated target configuration,The same native plan contract is verified before remote runtime promotion,yes,transport setup only,verified,#153 + LR-153: missing documented test reproduced as zero selected tests; executable ignored test now invokes installed Codex 0.144.6 against an isolated target config/mock Responses endpoint and proves restored history plus the resume prompt reach the real consumer. Static function/body guard and locked cargo check pass.
session navigator: committed membership and focus projection,EnvironmentTable active SessionNavigatorModel + shared reducer Refresh/PaneFocused,Local sync atomically commits live membership and current focused pane,Runtime sync atomically commits placeholder/materialized membership and current focused carrier,yes,delivery timing only,verified,#154 + LR-154: canonical sync now commits membership and focus atomically for every caller. Focused regressions passed 28/28 and full workspace passed 6326/6326. Real local 70-frame and remote-fixture-secondary 80-frame Resume captures held 31 visible rows; local Delete and remote Close/focus/Undo preserved the unrelated collection without a transient drop.
release: private target identity exclusion,script/check_release_privacy + versioned release notes + release source/build/upload gates,Local checkout uses .git local-only private token denylist and generic remote-fixture identities,CI and release jobs enforce generic fixture authorities and scan unpacked ZIP/TAR/DMG payloads,yes,artifact timing only,verified,"#155 + LR-155: public source/body/assets contain only generic remote-fixture identities. Existing Release is Draft with sanitized notes, old tag is removed, remote main is a single clean root, and legacy plus rebuilt payload scans are zero-hit."
release macOS: direct verified DMG installer,script/macos/bundle -> script/make_release_artifacts -> GitHub Release upload,Built sealed App and DMG are verified before direct Ashide-macos.dmg publication,"GitHub macOS runner uses the same DMG producer, identity/seal gate, hdiutil verify and direct upload",yes,yes,verified,"#156 + LR-156: macOS app releases expose Ashide-macos.dmg directly. The rebuilt 134 MiB image passed App seal/identity, hdiutil verify, SHA-256, mount privacy scan, and no stale Ashide-macos.zip remains."
test harness: hermetic saved SSH provider fixture,initialize_app -> isolated SSH manager SQLite -> SshRepository::get_server,Workspace tests register and resolve remote-fixture-primary from the isolated saved-provider database,Remote lifecycle/reconnect tests use the same saved-provider descriptor and never consult developer ~/.ssh/config,yes,yes,verified,"#157 + LR-157: one idempotent saved-provider fixture replaced the hidden developer ~/.ssh/config precondition. Hermetic descriptor 1/1, original failures 22/22, retained-disconnect semantics 2/2, cargo check and full workspace 6327/6327 pass."
release privacy: binary byte and structured text scanner boundary,script/check_release_privacy MIME text scan + private byte denylist,Tracked source and release payload bytes keep private-token coverage while fixture syntax is interpreted only in text,ZIP/TAR/DMG are unpacked or mounted before structured text validation and all bytes retain private-token scanning,yes,artifact timing only,verified,"#158 + LR-158: compiled binary string adjacency no longer creates false fixture identities; source/bare/root/archive text negative probes still fail closed, and rebuilt DMG plus helper archives pass."
release artifacts: format migration checksum cleanup,script/make_release_artifacts current/obsolete artifact ownership,Direct DMG packaging removes obsolete same-name ZIP files/sidecars and manifest rows,GitHub runner uses the same producer and receives a checksum manifest containing only existing files,yes,yes,verified,#159 + LR-159: producer-owned dual-basename cleanup removed the stale Ashide-macos.zip checksum. Contract 3/3 and real SHA256SUMS verification pass for all five artifacts with zero dead references.
release notes: versioned source of truth and post-asset publish,docs/releases/<tag>.md -> GitHub Release create/edit -> asset/checksum gates -> public transition,Local source privacy validates the exact versioned notes committed with the tag,Existing/new Release bodies are overwritten from the same notes file; aggregation remains Draft until every producer/checksum/upload succeeds and the canonical job publishes it,yes,artifact timing only,verified,"#160 + LR-160: validate requires docs/releases/<tag>.md; upload edits or creates Draft with --notes-file, verifies and uploads the complete asset set, then performs the unique --draft=false --latest transition."
release macOS: direct DMG with optional Developer ID signing,validate-release-identity -> signing resolver -> script/macos/bundle -> script/make_release_artifacts -> Draft publish gate,zero credentials produce a strict-sealed direct DMG while six complete credentials add Developer ID signing and notarization,GitHub upload uses the same resolved mode and always publishes Ashide-macos.dmg directly,yes,signing timing only,verified,"#161 + LR-161: zero-secret remote run 29851524177 independently uploaded Ashide-macos.dmg. Downloaded candidate SHA-256 5d3fc631… passed strict seal, hdiutil, arm64/v0.4.0 identity and privacy verification; optional signed mode remains guarded by the shared 0/6/partial resolver."
release macOS: independent App/DMG and helper artifact jobs,validate-release-identity -> parallel build-macos-app/build-macos-helpers matrix -> separate workflow artifacts -> upload-release merge,App bundle and direct DMG are built and uploaded by their own producer job,Each remote helper architecture has an independent matrix runner/timeout/artifact so helper latency cannot hide a completed DMG or serialize the sibling architecture,yes,artifact timing only,verified,"#162 + LR-162: remote run 29851524177 started App/DMG and both helper architectures within 2 seconds, completed all three producer jobs independently, and uploaded three separate artifacts. Downloaded DMG and both Mach-O helpers are privacy-clean and report v0.4.0."
Windows WSL: explicit distribution terminal startup,AvailableShell::WSL -> ShellStarterSourceOrWslName -> WslShellStarter -> Windows ConPTY -> terminal bootstrap,Explicit local Windows shells keep their selected executable identity,Explicit WSL selections keep the exact distribution identity through discovery/spawn/bootstrap and surface failure instead of falling back,yes,async WSL VM startup,wontfix,"#163 + LR-163: implementation, focused tests and x86_64-pc-windows-msvc cross-check remain in source, but real Windows + WSL2 Debian 13 runtime validation is strategically out of the current macOS/Linux-only release scope. Windows installer production is disabled until the scope is explicitly restored."
Windows SSH config: shared committed catalog,warp_ssh_manager source resolution -> app-global SshTargetCatalog -> Workspace picker/SSH Manager/actions/runtime lookup,UI consumes the resolved local installation path and committed candidate generation without path logic,Windows drive-letter paths and source failures use the same catalog API without UI platform branches or render-time IO,yes,filesystem refresh timing only,wontfix,"#164 + LR-164: shared SshTargetCatalog implementation, focused tests and Windows cross-check remain in source, but real config-open and alias-connect validation is strategically out of the current macOS/Linux-only release scope. Windows installer production is disabled until the scope is explicitly restored."
Session Navigator: live container versus virtual alias title ownership,Session Navigator typed rename -> live PaneConfiguration or virtual EnvironmentBackend user state,Live rows edit their stable pane container title and persist only on changed commit,Virtual rows use the same alias UI while local sidecar versus runtime RPC remains below EnvironmentBackend,yes,backend delivery timing only,verified,"#165 + LR-165: live rows keep the sole PaneConfiguration title owner; virtual aliases are rejected for live containers. Hermetic WarpUI tests drive Enter/Blur/Escape and runtime-placeholder alias isolation; static inventory locks save and identity boundaries."
Session Navigator Resume scanned title ownership,Resume/materialize -> title_fallback_label -> PaneConfiguration.custom_vertical_tabs_title -> live projection/merge/collapse,Local Resume seeds pane container title and keeps scanned Specific title when live label is Missing/Generic,Runtime Resume uses the same pane title seed and collapse merged_label path; only carrier delivery timing differs,yes,delivery timing only,verified,"LR-192: forbid tab/env title as live leaf label; Resume seeds custom_vertical_tabs_title; collapse uses merged_label; hermetic WarpUI + parity static gates pass."
Agent harness: parallel-path ownership inheritance,Hot-path/parallel rewrite -> inventory old ownership gates -> migrate fail-closed checks + negative probe before verified,Local and runtime share the same harness protocol; only delivery timing may differ under inherited ownership gates,Same,yes,none,verified,"LR-193: AGENTS.md + architecture skill + parity SPEC HARNESS-89 require ownership inheritance with negative probes; LR-190 co-requires SN-LIVE-CONTAINER-TITLE-OWNERSHIP-60."
Terminal in-band generator: protocol completion versus command cancellation,ANSI OSC parser -> TerminalModel receiver state -> executed generator event,Command execution idempotently cancels and discards an incomplete local receiver without pretending a protocol End arrived,Network-backed PTYs use the same TerminalModel protocol lifecycle and differ only in output transport timing,yes,transport timing only,verified,"#166 + LR-166: the unique PtyController takeover primitive emits typed cancel rather than protocol End. ChannelEventListener tests prove idle and partial receiver takeover both produce zero error events; production owner inventory prevents wrapper bypasses."
Menu activation: deferred responder action ownership,Menu pointer Activate/keyboard Enter -> activate_selected_item -> Close intent -> pending typed-action effect -> responder chain,Pointer and keyboard share one primitive; Close is observed before an optional item action and the action executes only after the Menu view is restored to the window registry,Same framework lifecycle applies to nested submenus and every platform; no-action activation is inert and without-dispatch emits ItemSelected then Close,yes,event-loop delivery only,verified,"#167 + LR-167: WarpUI event-loop tests cover pointer/keyboard close-before-action, parent rebuild, nested submenu parity and inert activation. Full production-tree owner inventory and bypass probes lock the deferred action boundary."
Environment user state: optimistic mutation generation,Session Navigator alias/pin -> EnvironmentTable generation -> EnvironmentBackend -> current completion,Local sidecar completion and optimistic projection share the canonical navigation-key owner,Runtime RPC completion may arrive later but stale success/failure cannot replace a newer projection,yes,backend completion timing only,verified,"#168 + LR-168: EnvironmentTable owns projection plus per-navigation-key generation; local/runtime delivery carries the same token and current completion owns typed success/failure feedback. Stale completion, refresh invalidation and authority partition tests pass; static LR-168 markers pass and cargo check is green."
Remote helper: dependency-free SSH stdin upload,current checkout musl build -> unique remote temp -> SSH stdin stream -> atomic promote -> protocol verify,Local source builds always upload the helper built from the current checkout,Remote hosts need only SSH and a POSIX shell; rsync remains an optimization and missing SFTP cannot break fallback,yes,transport timing only,verified,"#169 + LR-169: canonical fallback is one SSH stdin primitive, guarded against SCP and covered by focused upload tests/cross-build. On 2026-07-24 root@remote-fixture-secondary ControlMaster streamed a temporary payload with matching local/remote SHA-256; the host had rsync and scp but no discoverable SFTP server, so this is live no-SFTP proof rather than a claimed no-rsync proof."
Terminal interaction: focus IME and filter session owners,PaneFocusHandle/TerminalModel/BlockFilterEditor -> typed owner transitions -> PaneGroup/Grid/filter projection,Local terminal interactions use exact stable pane/block/session carriers,Remote PTY transport delivers the same terminal interaction state machine,yes,event delivery timing only,verified,"#170 + LR-170: exact PaneFocusHandle commits replaced ancestry actions; TerminalModel fixes each IME composition to its original screen/block carrier; BlockFilterEditor owns target+generation and stale updates are gated. Directed static contract and cargo check pass."
Agent integration: unified layered capability registry,Single Agent registry record consumed by product/runtime/SessionBridge,Static capabilities are identical for local execution,Static capabilities are identical for runtime execution; readiness remains backend-owned,yes,readiness and delivery only,verified,"LR-171: AgentCapabilities is the unique capability owner; CLI/runtime/index/SessionBridge consumers use the per-Agent record, old capability structs are deleted, focused tests and cargo check pass."
Agent actions: capability-driven hierarchical sidecar,Shared Agent action projection + existing sidecar interaction,New/Resume/Attach/Fork/Edit/Write-back are filtered by capability and local context,The same actions and ordering are filtered by capability and runtime readiness,yes,readiness and delivery only,verified,"LR-172: New Session and Session context each expose one Agent domain; project_agent_actions is the sole production projection owner. Hermetic UI tests prove pointer/keyboard share the menu event chain, Claude/Codex New and Fork/Edit are second-level typed selections, Ashide fork/export remain top-level, remote actions require canonical Connected authority, and stale sidecar sources are cleared. Edit intent explicitly carries the selected Agent into the shared dialog; a Codex-source/Claude-intent test proves no source-derived target fallback remains. Model tests pass 3/3, focused UI tests execute non-zero, cargo check and lib test no-run pass; static inventory rejects provider×action rows and hardcoded production readiness."
Agent providers: Gemini CLI hard-cut,Unified Agent registry without Gemini CLI identity,Gemini CLI command/detection/index/resume/persistence paths are absent,Remote helper and runtime scanner contain no Gemini CLI path,yes,none,verified,"LR-173: CLI identity/harness/plugin/detection/settings/session/docs paths removed; persisted Gemini identity is rejected; Gemini model/API and generic SkillProvider remain."
CLI Agent sessions: shared discovery owner,Registry-generated discovery plan + provider-scoped typed outcomes + EnvironmentTable generation owner,Local native client/filesystem executes shared plan and preserves the whole collection on any provider missing/failure/cancel,Runtime RPC executes the same plan; explicit permanent deletion removes only that provider while preserving unrelated identity/order,yes,transport only,verified,"LR-174: global observed_source removed; EnvironmentTable atomically owns generation, provider observation and canonical collection. Local filesystem and runtime RPC carry the same Complete/SourceMissing semantics; runtime protocol revision 6 transports observed agents/source-missing rather than a false empty success. Three-provider collection tests and inline-test-safe production inventory pass; Jcode Stage A tests are hermetic and use only the public CLI contract."
SessionBridge: typed intent provenance and atomic publication,SessionBridge IR + typed lifecycle owns source revision/provenance and one target identity,Local native write remains staged until launch succeeds then publishes once,Runtime uses the same lifecycle and identity with transport-only target config/write/rollback,yes,transport and target-config read only,verified,"LR-175: Resume/Attach/Fork/Edit/Write-back are distinct; write/launch/cancel/revision-conflict/carrier-missing clean staging and leave source/publication unchanged; providers without a real adapter remain disabled."
Session Navigator: canonical pane Agent binding,PaneConfiguration.session_binding + LeafSnapshot SQLite owner,Live and materializing local rows project only the pane binding,Runtime placeholder and cold restore project the identical binding,yes,carrier timing only,verified,"LR-176: Navigator enrichment and placeholder reconstruction removed; Started/SessionUpdated persist the pane binding and trigger app-state save; static inventory and focused identity/cold-restore tests provide evidence."
Environment entry materialization: typed completion rollback,EnvironmentTable atomic pending projection + pane-owned monotonic generation + table-owned transition/outcome/completion,Local synchronous entry delivery uses the shared completion protocol,Runtime async delivery uses the same protocol for PlainTerminal/StartupCommand/AgentView/ForkedConversation/SessionRestore; CarrierMissing is a typed owner error and stale generations fail closed,yes,completion timing only,verified,"LR-177: EnvironmentTable owns the generic materialization protocol; SessionRestoreFinalize and caller-authored ModelBroken paths are removed."
Pane snapshot: validate before identity allocation,PaneConfiguration container identity + typed PaneNodeSnapshot boundary,Missing content fails before terminal UUID or persistence mutation,The same snapshot invariant applies to runtime placeholders and restored panes,yes,none,verified,"LR-178: snapshot_for_node validates pane content before typed projection; synthetic terminal UUID fallback is deleted and static ordering checks lock zero-side-effect failure."
Omp Agent discovery and native resume,Layered Agent registry + desktop-owned history_enabled_agents + AgentSessionDiscoveryPlan + bounded parallel read-only metadata reader + exact native resume argv,Omp classifies ~/.omp/agent/sessions/*/*.jsonl as physical candidates; valid session headers with filename-matching IDs become rows while provider-native headerless diagnostic-only files are excluded; malformed headers still fail closed before omp --resume <id>,Runtime receives enabled_agents explicitly from desktop and executes the identical shared candidate classifier under target HOME; dev helper freshness includes the shared parser sources so parser-only changes cannot reuse a stale stamp,yes,filesystem and command transport only,verified,"LR-179 + LR-205: an authorized remote runtime fixture reproduced a session_exit-only orphan excluded by Omp native listing. Current x86_64 musl helper was deployed to stable/dev v7 slots with matching SHA-256; real Initialize/list/ScanCliAgentSessions/PTY RPC returned valid Omp rows and excluded the orphan without modifying the store. Focused discovery, remote scan, freshness/deploy lifecycle, cargo check and static ownership gates pass."
File browser: discoverable hidden-files toggle,Project Explorer visibility owner/action -> FileTreeView or ServerFileBrowserView projection -> selected toolbar toggle,Local FileTreeView consumes the shared one-action preference with stable path/expansion/selection,Runtime ServerFileBrowserView consumes the same preference/action; only entry listing transport differs,yes,entry transport only,verified,"LR-180: current 2026-07-24 bundle passed focused hidden-toggle/projection tests and cargo check; real ~/ashide local and root@remote-fixture-secondary SSH Project Explorer header toggles reached the same LeftPanelAction::ToggleHiddenFiles before the test bundle exited."
Project Explorer toolbar: accessible semantic actions,Shared semantic header action model -> typed action -> ProjectExplorer carrier or accessible overflow,Local Project Explorer exposes labeled tooltip/a11y/keyboard actions and selected hidden toggle,Runtime and unavailable carriers expose identical role/action semantics; narrow width moves actions without deleting them,yes,carrier and transfer capability only,verified,"LR-181: current 2026-07-24 bundle passed header identity/accessibility/narrow-overflow projection tests; real root@remote-fixture-secondary SSH Project Explorer invoked LeftPanelAction::OpenProjectExplorerOverflow, and local/SSH hidden actions invoked the same typed toggle."
Hidden paths: shared typed classification policy,repo_metadata HiddenEntryPolicy classifier -> explicit consumer policy -> canonical projection,FileTreeView consumes ProjectExplorer policy and never exposes internal metadata,ServerFileBrowserView consumes the same policy; DirectoryFetcher explicitly consumes ContextChip policy,yes,listing metadata transport only,verified,"LR-182: 2026-07-24 repo_metadata and filtered-empty tests passed with cargo check; FileTreeView and ServerFileBrowserView share the typed ProjectExplorer policy, and their local/SSH GUI toggle regression is recorded under LR-180/181."
Environment SSH targets: atomic catalog refresh,Environment Strip picker header Refresh + SSH mutation events,SshTargetCatalog aggregates committed ~/.ssh/config candidates,SshTargetCatalog aggregates committed SQLite saved servers,yes,source IO timing only,verified,"LR-183: saved:<node_id> rows precede config:<alias> rows without cross-source dedupe; explicit Refresh and SshTreeChangedEvent share one typed generation gate; source errors retain the previous committed collection and successful generations reflect permanent deletion."
Workspace Toast lifecycle: typed identity policy and bounded projection,ToastPolicy + ToastIdentity -> DismissibleToastStack canonical collection -> bounded visible carriers,Local producers submit unkeyed transient bursts or keyed transient operations / explicit keyed ActionRequired and share stack-owned timeout/generation semantics,Runtime-backed producers submit the same typed intent; only delivery timing differs,yes,event delivery timing only,verified,"LR-184: operation-keyed transient notices replace across Info/Success/Error and remain timed; only keyed ActionRequired persists, unkeyed source/category bursts coalesce, overflow is summarized within an accessible visible limit, and full-tree inventory plus negative probes reject old or wrapped lifetime paths. Session Navigator refresh progress remains local to its header; only explicit failure emits the keyed transient operation notice."
Session Navigator live CLI agent activity,PaneConfiguration container UUID -> current TerminalView -> CLIAgentSessionsModel structured status -> provider icon indicator,Local live pane resolves only its container UUID then projects InProgress/Blocked as running/attention and Success as quiet,Environment runtime live pane uses the same container UUID/TerminalView/model path,yes,structured event arrival timing only,verified,"LR-185: historical rows and non-rich command detection remain quiet; no locator/history/PTY/process-exit inference; resume spinner wins over a status dot. Static ownership guard and four focused activity tests pass; current-source AshideDev bundle was rebuilt and launched as one process. Visual screenshot/click evidence is permission-blocked (no Accessibility/display capture), explicitly not claimed."
Environment runtime remote session cache,ENV-RUNTIME-REMOTE-SESSION-CACHE-18 authority-scoped cache,app/src/workspace/environment_table.rs + app/src/workspace/view/session_navigator.rs,"Runtime authority partitions remote session rows in memory only while connected and clears them on disconnect; reconnect re-discovers fresh rows from the remote authority",yes,yes,verified,"LR-186: 断连清 authority cache，重连只使用 committed SshTargetCatalog 重新发现；四项 runtime 回归、caller inventory 与 2026-07-25 cargo check 均通过，本地不保存远端历史副本。"
Environment runtime remote CLI-agent scan wire identity,ScanCliAgentSessions server_model wire projection + protocol revision slot,Local scanner retains typed CLIAgent until current-app projection,Remote scanner retains typed CLIAgent and server_model strictly decodes request then serializes records/observed/source-missing fields; source-missing is exclusive and each record must belong to observed_agents before one atomic authority-cache commit; semantic revision creates a distinct helper slot,yes,transport response only,verified,"LR-187: command_prefix is never a remote RPC agent identity; malformed success frames are rejected before any authority cache mutation, while stale helpers fail Initialize before scan. 2026-07-26 current source AshideDev connected through pty-v6 and successfully discovered 45 authority-scoped remote sessions without unknown-agent failure."
Session Navigator refresh delivery,EnvironmentBackend::refresh_indexed_sessions,Filesystem discovery executes on a blocking worker; passive lifecycle refresh coalesces behind an authority-scoped in-flight token while explicit user refresh may replace it,Runtime RPC remains async and uses the same passive coalescing / explicit replacement contract,yes,completion transport only,verified,"LR-188 + LR-195: local Omp/Codex discovery remains off the UI thread, while authority-scoped PassiveProjection now coalesces instead of starving every completion. On 2026-07-28 the rebuilt arm64 AshideDev runtime committed 88 local Navigator sessions after cold launch; focused ownership/static tests and cargo check passed."
Session Navigator provider discovery physical-source gate,AgentSessionDiscoveryPlan -> shared CLI-agent store scanner,Claude/Codex/Omp discovery counts physical transcript/session/index candidates before metadata parsing and fails before a partial collection can commit; SessionBridge explicit full-history reads remain uncapped by this discovery-only gate,Runtime executes the same AgentSessionDiscoveryPlan and scanner under target HOME; only filesystem transport differs,yes,filesystem transport only,verified,"LR-189: WORKSPACE_SESSION_NAVIGATOR_PHYSICAL_SOURCE_LIMIT_PER_PROVIDER=1600 gates every provider store and Codex index physical lines. Over-limit is a typed scan failure, so existing current-token PreserveFailed handling keeps canonical rows rather than rendering directory-order partial results."
Session Navigator Resume committed hot path,Committed SessionNavigatorModel -> Activate reducer -> EnvironmentBackend delivery -> one canonical Refresh+RestoreStarted commit,Local Resume reads PaneConfiguration-based live projection and never snapshots every TerminalModel in the UI action,Runtime Resume uses the same committed action model and only differs in asynchronous carrier delivery,yes,delivery timing only,verified,"LR-190: activate/lifecycle consume committed model; live projection forbids PaneGroup::snapshot; post-delivery owns the single Refresh+RestoreStarted commit; v0.0.3 GUI sample confirmed."
Session Navigator orthogonal status projection,Restore lifecycle + structured Agent execution + committed live/focus row -> one badge resolver,Local rows preserve focused/background live visibility while structured InProgress/Blocked override with running/attention,Runtime rows use the same stable container lookup and committed live/focus fallback,yes,event and carrier timing only,verified,"LR-191: status precedence is Restoring > Attention > Running > FocusedLive > BackgroundLive > HistoricalQuiet; no execution inference or information deletion; v0.0.3 GUI sample confirmed."
Native Omp session mutation source authority,shared CLI-agent source-shape predicate + remote helper mutate_session,Local discovery and local mutation use only Omp sessions/<project-bucket>/*.jsonl sources,Remote helper resolves the same Omp source shape before the canonical mutate_session primitive; nested tool logs fail closed,yes,filesystem transport only,verified,"LR-194: the Omp source-shape predicate is shared by discovery and remote helper allow-listing. Focused native delete tests cover authoritative sessions and tool-log rejection."
Session Navigator expanded native provider discovery,AgentRecord descriptor -> AgentSessionDiscoveryPlan -> EnvironmentTable committed SessionNavigatorModel,"Current host scans Droid/OpenCode legacy+SQLite/Copilot/Pi/Cursor/Antigravity stores with shared metadata parsers, full-generation commit and current-workspace old-session retention","Remote helper scans the same target-HOME-derived stores and projects the same typed records; only filesystem/SQLite transport and completion timing differ",yes,deferred,verified,"LR-196: no second AI Vault collection or renderer scanner; OpenCode SQLite supersedes duplicate legacy identity; provider failure preserves the previous authority collection; every indexed provider has a public exact-session Resume adapter. Focused discovery/wire/helper tests, real OpenCode/Cursor/Antigravity store smoke and cargo check pass. Current-bundle GUI was not claimed because the running installed singleton remained owner."
Session Navigator local agent-history membership,Workspace::live_workspace_sessions -> PaneConfiguration binding/conversation -> canonical merge,TerminalBootstrap excludes unbound generic live Terminal; bound CLI/Ashide AgentTerminal persists for the pane lifecycle and closing it passively refreshes native history,Runtime/SavedSsh live Terminal membership remains unchanged; only close-refresh completion transport differs,yes,completion transport only,verified,"LR-197: local generic terminal rows and their old pane-key sidecar/restored-target debt are removed at canonical projection/read-write boundaries; agent binding remains pane-owned across exit/resume and native history takes over after close."
Session Navigator refresh feedback lifecycle,RefreshWorkspaceSessions -> EnvironmentSessionRefreshIntent -> EnvironmentTable token -> Navigator header spinner / keyed transient error,Only explicit Refresh creates the current header spinner and a failure-only operation keyed transient toast; complete/partial/stale are silent and preserve rows,Runtime uses the same intent and feedback semantics; only scan transport timing differs,yes,transport timing only,verified,"LR-198: passive settings/pin/source reconciliation cannot call user refresh or replace its generation; source-missing/cancel/stale never claim complete success. Toast stack replaces same source+operation across categories."
Session Navigator passive discovery trigger ownership,Typed semantic source-changing events -> EnvironmentBackend::refresh_indexed_sessions,Initial authority discovery/settings/source mutation/runtime HOME/agent-bound close may scan; generic terminal bootstrap and split only commit live projection,The same semantic trigger set applies to Runtime; terminal PTY bootstrap alone never starts provider RPC,yes,transport timing only,verified,"LR-199: generic TerminalSessionBootstrapped provider scan removed; explicit Refresh runtime HOME first discovery source mutation agent-close history takeover authority token coalescing and complete-or-preserve commit remain. Isolated current-source AshideLocal cold start committed one 89-row scan; subsequent ordinary shell Bootstrapped emitted no second scan or stale generation."
Session Navigator viewported render projection,EnvironmentTable committed SessionNavigatorModel revision -> VerticalTabs ReorderUnit ListState projection,Canonical local model revision reconciles only unit-level viewport geometry; row identity/action state stays RowId-owned and offscreen sidecar is cleared,Runtime projects the identical committed model/units and only differs in delivery timing,yes,commit timing only,verified,"LR-200: ListState viewport items are canonical ReorderUnit rather than leaves; index is geometry-only, scroll restores by unit identity, and stale SavePosition detail anchors fail closed."
Session Navigator incremental command-palette search projection,EnvironmentTable committed SessionNavigatorModel -> WorkspaceRegistry document partition -> navigation DataSource,Workspace publishes canonical per-window documents; live carrier only enriches an existing live row; registry event refreshes full-text index before query,Runtime shares the same committed projection/event/index contract; only commit and transport timing differ,yes,commit/event timing only,verified,"LR-201 verified 2026-07-29: isolated three-row real event-loop Omp fixture refresh -> published projection -> typed Navigation Palette search selected canonical Session Navigator action; test closes without resume."
Environment provider quick picker explicit keyboard interaction,Environment Strip + -> Workspace ephemeral picker state -> SshTargetCatalog snapshot -> OpenEnvironmentProviderCandidate,Click/typed open shows committed candidates without I/O; keyboard query/selection uses stable catalog alias and Enter routes through existing typed action; late editor events after close are no-ops,Runtime provider connections share the same picker/catalog/action semantics; only connection materialization timing differs,yes,connection timing only,verified,"LR-202 verified 2026-07-29: real event-loop click/query/Down/Escape against isolated SSH config; close-time Edited cannot resurrect alias."
Session Navigator keyboard cursor,VerticalTabs search editor + viewport projection,transient SessionNavigatorRowIdentity cursor + ListState geometry scroll + existing WorkspaceAction,identical committed-projection/cursor/action semantics (only revision timing differs),yes,yes,verified,"LR-203 verified 2026-07-29: real event-loop target-filtered search input click/Down/Escape against a committed three-row isolated Omp projection; cursor remains UI-only."
Session Navigator local provider discovery: process-scoped source coalescing,WorkspaceRegistry keyed source transaction -> EnvironmentTable recipient token commit,Equivalent local windows join one blocking provider-store scan and each commits through its own canonical EnvironmentTable,Runtime environments keep their own RPC scan lifecycle and never join local source transactions,yes,source worker timing only,verified,"LR-204 verified 2026-07-29: isolated AshideLocal current checkout cold-restored three equal local windows; logs showed one 9-provider source scan (243 ms) followed by three independent 89-session EnvironmentTable commits. Registry remains keyed by provider/observation/scope input and retains EnvironmentTable as projection owner."
